ts,open,high,low,close,vol
1748410139,108951.8,108951.8,108951.7,108951.8,0.1390957599999999
1748410150,108951.8,108951.8,108946.0,108946.0,0.1466780599999999
1748410161,108946.1,108946.1,108946.0,108946.1,0.1791497999999999
1748410171,108946.1,108946.1,108946.0,108946.1,0.12484719
1748410181,108946.1,108946.1,108940.0,108940.1,0.11261026
1748410191,108940.0,108940.1,108940.0,108940.1,0.0232421599999999
1748410201,108940.0,108940.1,108940.0,108940.1,0.0112083699999999
1748410212,108940.0,108940.1,108940.0,108940.1,0.0525572
1748410222,108940.1,108940.1,108940.0,108940.1,0.0172978799999999
1748410234,108940.0,108940.1,108940.0,108940.1,0.0093544199999999
1748410244,108940.1,108948.5,108940.0,108948.4,0.27905887
1748410255,108948.5,108983.6,108948.4,108983.6,1.1961642499999998
1748410265,108983.6,109002.0,108969.5,108969.6,1.66493083
1748410276,108969.6,108988.0,108969.6,108988.0,0.0240599
1748410287,108988.0,108988.0,108988.0,108988.0,0.01585774
1748410299,108988.0,109009.9,108988.0,109009.9,0.5115554
1748410309,109010.0,109010.0,109010.0,109010.0,0.0001194799999999
1748410320,109010.0,109010.0,109010.0,109010.0,0.03096925
1748410330,109009.9,109020.0,109009.9,109020.0,0.12010824
1748410340,109020.0,109020.0,109019.9,109019.9,0.06284257
1748410352,109018.2,109018.2,108988.2,108988.3,0.7699071
1748410365,108988.3,108988.5,108988.2,108988.5,0.76094352
1748410376,108988.5,108996.5,108988.5,108996.5,0.0790171
1748410386,108996.4,109010.0,108996.4,109010.0,0.6077175300000001
1748410396,109010.0,109010.0,109009.9,109009.9,0.28851162
1748410406,109009.9,109010.0,109009.9,109010.0,0.06743238
1748410418,109009.9,109010.0,109009.9,109010.0,0.0168654
1748410889,108887.9,108916.3,108887.9,108916.3,0.7377927999999998
1748410899,108916.3,108916.3,108901.4,108901.4,0.39476888
1748410909,108901.5,108901.5,108901.4,108901.5,0.0097992199999999
1748410919,108901.5,108907.8,108901.5,108907.7,0.0740905
1748410930,108907.8,108913.4,108907.8,108913.4,0.07869909
1748410940,108913.3,108913.4,108913.3,108913.3,0.05721528
1748410951,108913.4,108913.4,108913.3,108913.3,0.11227539
1748410978,108869.7,108886.0,108869.6,108886.0,375.22
1748410989,108886.0,108887.0,108885.9,108887.0,206.13
1748410999,108886.9,108887.0,108872.1,108872.1,175.37999999999997
1748411009,108872.1,108872.2,108872.1,108872.1,69.71000000000001
1748411019,108872.2,108872.2,108872.1,108872.1,15.649999999999997
1748411029,108872.1,108872.2,108872.1,108872.1,58.34
1748411039,108872.1,108872.2,108872.1,108872.1,189.59
1748411049,108872.1,108872.2,108872.1,108872.2,107.09
1748411059,108872.2,108872.2,108872.1,108872.1,73.79000000000002
1748411069,108872.1,108872.2,108872.1,108872.1,28.750000000000007
1748411079,108872.1,108872.2,108866.0,108866.0,579.2199999999999
1748411089,108866.1,108889.9,108866.1,108889.8,430.0400000000001
1748411099,108889.9,108889.9,108889.8,108889.9,29.13
1748411109,108889.8,108889.9,108886.9,108887.0,232.39
1748411120,108887.0,108887.0,108886.9,108886.9,125.52
1748411130,108886.9,108887.0,108886.9,108886.9,35.300000000000004
1748411140,108886.9,108887.0,108886.9,108886.9,102.16
1748411150,108886.9,108886.9,108878.7,108878.8,69.98
1748411160,108878.8,108914.0,108878.7,108913.9,605.63
1748411170,108913.9,108914.0,108913.9,108913.9,172.26
1748411180,108913.9,108914.0,108913.9,108914.0,40.63000000000001
1748411190,108914.0,108914.0,108913.9,108914.0,30.95
1748411200,108914.0,108914.0,108913.9,108914.0,150.45000000000002
1748411210,108914.0,108914.0,108913.9,108914.0,119.63
1748411220,108914.0,108914.0,108913.9,108914.0,6.140000000000001
1748411230,108914.0,108914.0,108913.9,108914.0,20.09
1748411240,108913.9,108914.0,108913.9,108913.9,31.07
1748411250,108913.9,108924.8,108913.9,108924.8,360.7999999999999
1748411261,108924.7,108924.9,108924.7,108924.9,97.25000000000004
1748411271,108924.9,108951.6,108924.9,108951.6,209.1200000000001
1748411281,108951.6,108951.6,108928.6,108928.6,509.99000000000007
1748411291,108928.6,108934.0,108928.6,108934.0,149.32000000000005
1748411301,108934.0,109000.0,108934.0,108999.9,2449.14
1748411311,109000.0,109000.0,108999.9,109000.0,77.80000000000001
1748411321,108999.9,109000.0,108999.9,108999.9,55.52
1748411331,108999.9,109000.0,108999.9,108999.9,92.33
1748411341,108999.9,109000.0,108999.9,108999.9,83.76000000000002
1748411351,108999.9,109000.0,108999.9,108999.9,162.15
1748411361,109000.0,109000.0,108999.9,108999.9,101.97
1748411371,108999.9,109000.0,108999.9,108999.9,156.41
1748411381,109000.0,109000.0,108999.9,109000.0,297.74
1748411391,108999.9,109000.0,108999.9,109000.0,90.34
1748411401,109000.0,109020.4,109000.0,109020.3,1147.83
1748411411,109020.3,109020.3,109010.2,109010.3,402.44000000000005
1748411421,109010.3,109010.3,109009.7,109009.7,198.11
1748411431,109009.7,109009.8,109009.7,109009.7,134.69
1748411441,109009.7,109009.8,109009.7,109009.7,319.39
1748411451,109009.7,109009.8,109009.7,109009.8,104.46
1748411461,109009.7,109009.8,108999.0,108999.0,769.69
1748411471,108999.0,108999.1,108999.0,108999.0,202.33
1748411481,108999.0,108999.1,108999.0,108999.0,174.32
1748411491,108999.1,108999.1,108999.0,108999.0,217.17
1748411501,108999.1,108999.1,108999.0,108999.0,123.83999999999996
1748411511,108999.1,108999.1,108999.0,108999.1,62.14000000000001
1748411521,108999.0,108999.1,108988.1,108988.2,874.69
1748411531,108988.1,108988.2,108988.1,108988.1,50.93
1748411541,108988.1,108999.0,108988.1,108999.0,851.28
1748411551,108999.0,109009.8,108998.9,109009.7,772.5300000000002
1748411562,109009.8,109021.1,109009.8,109021.0,803.3800000000001
1748411573,109021.0,109021.0,109006.0,109006.0,102.85
1748411583,109006.0,109006.1,109002.4,109002.4,495.1099999999999
1748411593,109002.5,109002.5,109002.4,109002.4,117.26000000000002
1748411605,109002.5,109002.5,109002.4,109002.4,298.03
1748411615,109002.4,109002.5,109002.4,109002.4,72.15
1748411625,109002.4,109013.6,109002.4,109013.6,401.13
1748411635,109013.6,109021.1,109013.6,109021.1,163.95999999999998
1748411645,109021.0,109021.1,109014.1,109014.2,129.86
1748411655,109014.1,109014.2,109008.4,109008.5,333.31
1748411665,109008.5,109008.5,109008.4,109008.4,274.65999999999997
1748411675,109008.4,109008.5,109006.4,109006.4,594.1499999999999
1748411685,109006.4,109019.4,109006.4,109019.3,335.70000000000005
1748411695,109019.3,109019.4,109019.3,109019.4,234.44
1748411706,109019.4,109036.0,109009.8,109009.8,1762.3
1748411716,109009.9,109034.1,109008.4,109034.1,559.8499999999999
1748411726,109034.0,109034.1,109029.0,109029.0,105.46
1748411736,109029.0,109029.1,109005.4,109005.4,425.36
1748411746,109005.4,109005.5,109005.4,109005.4,37.98
1748411756,109005.4,109005.5,109005.4,109005.4,90.06
1748411766,109005.4,109005.5,108941.2,108941.2,6770.55
1748411776,108941.2,108941.3,108941.2,108941.2,133.96
1748411786,108941.3,108941.3,108941.2,108941.3,146.29999999999998
1748411796,108941.2,108941.3,108941.2,108941.3,49.71
1748411806,108941.2,108949.5,108941.2,108949.5,557.2799999999999
1748411816,108949.5,108949.5,108949.4,108949.4,113.48
1748411826,108949.4,108949.5,108949.4,108949.4,46.67
1748411836,108949.5,108949.5,108949.4,108949.5,3.82
1748411846,108949.4,108949.5,108949.4,108949.4,114.25
1748411856,108949.4,108949.5,108949.4,108949.4,262.26
1748411866,108949.4,108949.5,108900.0,108900.0,1988.72
1748411876,108900.0,108955.4,108900.0,108955.4,825.31
1748411886,108955.4,108969.7,108955.3,108961.2,423.43
1748411896,108961.3,108961.3,108961.2,108961.3,115.93999999999998
1748411907,108961.2,108961.3,108961.2,108961.2,131.27999999999997
1748411917,108961.2,108961.3,108961.2,108961.2,21.4
1748411927,108961.2,108961.3,108944.5,108944.5,3408.5299999999997
1748411937,108944.5,108944.6,108944.5,108944.5,141.35000000000002
1748411947,108944.5,108944.6,108944.5,108944.5,143.13
1748411957,108944.5,108944.6,108944.5,108944.5,163.08
1748411967,108944.5,108944.6,108944.5,108944.5,136.71999999999997
1748411977,108944.6,108944.6,108939.0,108939.0,281.49
1748411987,108939.0,108939.1,108939.0,108939.0,194.59
1748412015,108921.1,108921.1,108921.0,108921.0,130.83999999999995
1748412025,108921.0,108921.0,108904.0,108904.0,1036.93
1748412035,108904.0,108904.1,108900.1,108900.1,507.73
1748412045,108900.0,108900.1,108900.0,108900.0,85.46000000000001
1748412055,108900.0,108900.1,108900.0,108900.0,41.88999999999999
1748412065,108900.0,108900.1,108860.7,108860.8,1628.36
1748412075,108860.8,108860.8,108851.0,108851.0,357.35
1748412085,108851.0,108851.1,108851.0,108851.0,186.62000000000003
1748412095,108851.0,108851.1,108851.0,108851.0,192.23
1748412105,108851.0,108851.1,108851.0,108851.0,1776.36
1748412118,108851.0,108851.1,108851.0,108851.0,74.16000000000001
1748412128,108851.0,108851.0,108805.3,108805.3,1514.13
1748412138,108805.3,108817.9,108800.0,108800.0,1380.5
1748412148,108800.0,108800.1,108800.0,108800.1,426.4
1748412158,108800.1,108800.1,108800.0,108800.0,3006.4799999999996
1748412168,108800.0,108811.0,108800.0,108811.0,577.5500000000001
1748412178,108811.0,108834.0,108811.0,108833.9,783.5799999999999
1748412189,108833.9,108834.0,108833.9,108833.9,117.33
1748412199,108834.0,108834.0,108833.9,108833.9,91.83
1748412209,108833.9,108834.0,108833.9,108833.9,48.68
1748412219,108833.9,108850.0,108833.9,108850.0,285.70000000000005
1748412229,108850.0,108850.0,108849.9,108849.9,85.68
1748412239,108849.9,108880.3,108849.9,108879.7,1166.4299999999998
1748412249,108879.7,108879.7,108864.0,108864.0,626.0500000000001
1748412260,108864.0,108864.1,108852.4,108852.4,329.95999999999987
1748412270,108852.4,108852.5,108837.0,108837.0,268.59000000000003
1748412280,108837.0,108837.1,108837.0,108837.0,88.05999999999999
1748412290,108837.0,108837.1,108837.0,108837.1,50.400000000000006
1748412300,108837.0,108837.1,108826.1,108826.1,249.74
1748412310,108826.1,108826.1,108814.6,108814.7,330.57
1748412321,108814.6,108814.7,108810.0,108810.0,68.49
1748412331,108810.0,108810.0,108807.7,108807.7,192.55
1748412341,108807.7,108807.7,108801.0,108801.0,209.47
1748412351,108801.0,108812.0,108801.0,108811.9,466.43
1748412361,108811.9,108814.7,108811.9,108814.6,112.98
1748412371,108814.6,108814.7,108814.6,108814.7,327.1400000000001
1748412381,108814.7,108826.2,108814.6,108826.1,343.42999999999995
1748412391,108826.1,108826.2,108816.1,108816.1,207.34000000000003
1748412401,108816.1,108834.6,108816.1,108834.5,651.63
1748412411,108834.5,108834.6,108834.5,108834.5,37.760000000000005
1748412421,108834.6,108837.1,108834.5,108837.0,329.62
1748412431,108837.1,108837.1,108810.1,108810.1,324.74
1748412441,108810.0,108810.0,108806.5,108806.5,369.38
1748412451,108806.5,108806.6,108800.1,108800.8,495.5999999999999
1748412461,108800.8,108800.8,108761.7,108761.8,6684.470000000001
1748412471,108761.7,108773.3,108761.7,108773.3,240.93999999999997
1748412481,108773.2,108782.4,108732.0,108739.3,1368.87
1748412491,108739.2,108739.3,108725.9,108725.9,318.9099999999999
1748412501,108725.9,108726.0,108725.9,108725.9,254.62
1748412511,108725.9,108725.9,108701.4,108701.4,670.55
1748412521,108701.5,108712.0,108701.4,108712.0,1242.4
1748412531,108712.0,108712.0,108705.7,108712.0,1163.16
1748412541,108712.0,108712.0,108711.9,108711.9,207.91000000000005
1748412551,108711.9,108712.0,108706.6,108711.9,802.0200000000001
1748412561,108712.0,108719.9,108711.9,108719.9,352.50999999999993
1748412571,108719.8,108719.9,108719.8,108719.9,184.49
1748412581,108719.9,108719.9,108713.7,108713.8,380.30999999999995
1748412591,108713.8,108713.8,108713.7,108713.8,118.81
1748412601,108713.8,108713.8,108704.3,108704.4,477.2000000000001
1748412611,108704.3,108704.3,108691.4,108691.5,755.29
1748412621,108691.4,108702.3,108691.4,108691.4,868.7499999999999
1748412631,108691.4,108691.5,108682.0,108691.5,209.75
1748412641,108691.5,108691.5,108620.0,108620.0,5189.58
1748412651,108619.9,108619.9,108611.1,108614.1,1071.64
1748412661,108614.1,108642.6,108614.1,108641.9,2295.4700000000003
1748412671,108642.0,108658.1,108642.0,108658.1,977.81
1748412681,108658.0,108658.1,108658.0,108658.0,443.48
1748412691,108658.1,108658.1,108652.5,108652.5,1092.06
1748412701,108652.6,108652.6,108652.5,108652.6,150.28
1748412711,108652.6,108652.6,108652.5,108652.6,474.73
1748412721,108652.6,108658.1,108652.5,108658.0,990.92
1748412731,108658.1,108671.1,108658.0,108671.1,378.25
1748412741,108671.1,108698.6,108671.0,108698.6,438.9799999999999
1748412751,108698.6,108698.6,108676.4,108676.5,500.19000000000005
1748412761,108676.5,108676.5,108676.4,108676.5,115.74
1748412771,108676.4,108676.5,108676.4,108676.5,268.79
1748412781,108676.4,108693.8,108676.4,108693.8,259.15
1748412791,108693.8,108693.8,108691.9,108692.0,305.9699999999999
1748412801,108692.0,108692.0,108691.9,108692.0,350.44
1748412811,108691.9,108692.0,108677.1,108687.8,750.2500000000001
1748412821,108687.7,108687.8,108687.7,108687.7,117.3
1748412831,108687.7,108687.8,108674.5,108674.5,497.88000000000005
1748412841,108673.9,108673.9,108661.2,108661.2,651.46
1748412851,108660.7,108660.7,108648.0,108659.9,2559.72
1748412861,108659.9,108660.0,108639.7,108639.7,331.03999999999996
1748412871,108639.8,108639.8,108626.7,108626.7,613.62
1748412881,108626.8,108626.8,108602.0,108602.1,1054.38
1748412891,108602.1,108602.1,108597.0,108597.0,1101.61
1748412901,108596.9,108597.0,108588.0,108597.0,1119.88
1748412911,108597.0,108618.8,108597.0,108618.7,658.3399999999998
1748412921,108618.8,108698.6,108618.7,108698.6,2631.45
1748412931,108698.6,108752.0,108698.5,108728.5,3252.3500000000004
1748412941,108728.5,108773.5,108728.4,108751.1,1851.01
1748412951,108751.1,108777.8,108744.0,108777.8,2723.22
1748412961,108777.7,108777.7,108741.9,108759.1,988.77
1748412971,108759.1,108759.1,108736.3,108736.4,263.92
1748412981,108736.3,108747.7,108736.3,108747.7,217.16
1748412991,108747.6,108747.7,108731.1,108731.1,186.03999999999996
1748413001,108731.1,108731.2,108731.1,108731.1,306.07000000000005
1748413011,108731.1,108731.2,108731.1,108731.1,458.45
1748413021,108731.2,108731.2,108731.1,108731.1,138.32999999999996
1748413031,108731.2,108731.2,108731.1,108731.2,45.35
1748413041,108731.1,108756.4,108731.1,108756.3,523.0899999999999
1748413051,108756.4,108756.4,108731.1,108731.1,264.69
1748413061,108731.2,108731.2,108700.0,108709.9,603.1299999999999
1748413071,108709.9,108710.0,108704.1,108704.1,321.96999999999997
1748413081,108704.1,108704.2,108704.1,108704.2,522.5899999999999
1748413091,108704.1,108704.2,108704.1,108704.1,248.56
1748413101,108704.1,108704.2,108704.1,108704.1,46.5
1748413111,108704.1,108720.0,108704.1,108720.0,231.00999999999996
1748413122,108720.0,108720.0,108719.9,108719.9,119.17
1748413132,108719.9,108719.9,108704.2,108704.3,816.56
1748413142,108704.2,108704.2,108700.0,108700.1,699.98
1748413152,108700.0,108700.1,108700.0,108700.1,31.800000000000008
1748413162,108700.0,108700.1,108700.0,108700.0,35.16000000000001
1748413172,108700.0,108720.0,108700.0,108719.9,1068.1
1748413182,108719.9,108720.0,108719.9,108720.0,79.2
1748413192,108719.9,108720.0,108719.9,108720.0,138.36999999999998
1748413202,108720.0,108720.0,108710.0,108710.0,306.08
1748413212,108710.0,108710.1,108710.0,108710.1,74.84000000000002
1748413222,108710.0,108710.1,108710.0,108710.0,151.34999999999997
1748413232,108710.0,108718.1,108710.0,108718.1,313.37
1748413242,108718.0,108718.1,108718.0,108718.0,40.989999999999995
1748413252,108718.0,108778.0,108718.0,108778.0,1863.29
1748413262,108777.9,108782.6,108765.3,108782.5,755.72
1748413272,108782.5,108782.8,108782.5,108782.7,307.92999999999995
1748413282,108782.8,108782.8,108782.7,108782.7,58.71
1748413293,108782.7,108782.7,108748.0,108748.0,2032.83
1748413303,108748.0,108748.1,108747.9,108747.9,180.17
1748413313,108747.9,108748.0,108747.9,108747.9,18.969999999999995
1748413323,108747.9,108748.0,108731.2,108731.2,230.2
1748413339,108761.9,108772.0,108747.5,108747.5,180.15
1748413349,108747.5,108747.5,108747.4,108747.5,37.84
1748413359,108747.5,108747.5,108747.4,108747.5,11.08
1748413371,108747.5,108747.5,108742.6,108742.6,112.64
1748413381,108742.5,108742.6,108742.5,108742.6,89.36
1748413391,108742.6,108742.6,108742.0,108742.1,73.2
1748413401,108742.0,108742.1,108742.0,108742.1,28.81
1748413411,108742.1,108742.1,108742.0,108742.1,309.25
1748413421,108742.0,108742.1,108742.0,108742.1,160.82
1748413431,108742.1,108742.1,108742.0,108742.1,216.22
1748413441,108742.1,108742.1,108742.0,108742.1,17.550000000000004
1748413451,108742.1,108742.1,108724.0,108734.0,691.72
1748413461,108733.9,108734.0,108733.9,108733.9,565.1600000000001
1748413471,108734.0,108734.0,108733.9,108733.9,153.69
1748413481,108733.9,108734.0,108733.9,108733.9,62.6
1748413491,108733.9,108734.0,108733.9,108734.0,78.32000000000001
1748413501,108734.0,108734.0,108701.4,108701.4,525.37
1748413511,108701.4,108701.5,108701.4,108701.5,89.45
1748413521,108701.5,108719.5,108701.5,108710.4,508.31
1748413531,108710.4,108719.4,108702.0,108719.3,311.82
1748413541,108719.4,108719.4,108719.3,108719.3,91.20000000000002
1748413551,108719.4,108719.4,108705.0,108705.0,251.31
1748413561,108705.1,108705.1,108705.0,108705.0,53.650000000000006
1748413571,108705.0,108713.3,108705.0,108713.3,260.46
1748413581,108713.2,108718.5,108713.2,108718.5,252.99999999999997
1748413591,108718.5,108718.5,108718.4,108718.4,232.38
1748413601,108718.4,108718.5,108718.4,108718.4,22.08
1748413611,108718.4,108718.5,108718.4,108718.4,123.17
1748413621,108718.5,108718.5,108704.0,108704.0,158.57
1748413631,108704.0,108704.1,108704.0,108704.0,79.73999999999998
1748413641,108704.1,108718.2,108704.0,108718.2,410.7099999999999
1748413651,108718.2,108721.2,108718.1,108721.2,283.19999999999993
1748413661,108721.2,108721.2,108721.1,108721.2,82.27000000000001
1748413671,108721.2,108735.8,108713.4,108713.5,2090.4700000000003
1748413681,108713.5,108713.5,108713.4,108713.5,11.2
1748413691,108713.5,108722.0,108713.4,108722.0,70.47
1748413701,108721.9,108734.0,108721.9,108734.0,77.16000000000001
1748413711,108734.0,108757.4,108733.9,108757.2,213.16000000000005
1748413721,108757.2,108781.5,108757.1,108781.0,876.18
1748413731,108780.9,108781.0,108771.1,108771.2,566.8399999999999
1748413741,108771.1,108771.2,108771.1,108771.1,154.67000000000002
1748413751,108771.2,108771.2,108771.1,108771.2,104.07
1748413761,108771.1,108771.2,108771.1,108771.2,72.71
1748413771,108771.2,108771.2,108752.0,108767.9,394.53
1748413781,108767.9,108782.6,108767.9,108782.6,505.65
1748413791,108782.6,108782.6,108782.5,108782.6,437.73
1748413801,108782.6,108782.6,108772.4,108772.5,64.92
1748413811,108772.5,108772.5,108760.0,108760.0,149.2
1748413824,108760.1,108760.1,108760.0,108760.0,100.23999999999998
1748413834,108760.0,108760.1,108744.4,108744.4,85.88000000000001
1748413844,108744.5,108744.5,108728.0,108728.0,193.44000000000003
1748413854,108728.0,108728.0,108722.0,108722.0,95.55
1748413864,108721.9,108722.0,108680.0,108680.0,1668.98
1748413874,108680.0,108680.1,108675.0,108675.1,273.73999999999995
1748413884,108675.0,108675.1,108675.0,108675.1,147.14
1748413894,108675.0,108694.0,108675.0,108694.0,700.0500000000001
1748413904,108694.0,108694.0,108693.9,108694.0,46.669999999999995
1748413914,108693.9,108694.0,108693.9,108694.0,43.32
1748413924,108694.0,108694.0,108678.0,108678.0,215.8400000000001
1748413934,108675.8,108675.8,108675.0,108675.0,80.26
1748413944,108675.0,108689.3,108675.0,108689.3,469.2699999999999
1748413954,108689.3,108689.3,108672.2,108672.3,215.72
1748413964,108672.2,108672.3,108672.2,108672.2,202.54
1748413974,108672.3,108686.0,108672.2,108686.0,197.05999999999997
1748413984,108686.0,108686.0,108685.9,108686.0,154.94
1748413995,108686.0,108686.0,108685.9,108685.9,163.41999999999996
1748414005,108685.9,108693.9,108685.9,108693.9,142.61
1748414015,108693.8,108710.6,108693.8,108710.6,221.29999999999993
1748414025,108710.5,108710.6,108698.0,108698.0,443.71
1748414035,108698.0,108698.1,108696.7,108696.7,676.6899999999998
1748414045,108696.7,108696.8,108696.7,108696.8,90.21
1748414055,108696.7,108696.7,108672.2,108672.2,332.25
1748414065,108672.2,108672.3,108672.2,108672.3,100.91
1748414075,108672.2,108672.3,108666.7,108666.7,741.26
1748414087,108666.8,108666.8,108662.6,108662.7,724.7299999999997
1748414097,108662.7,108670.0,108660.0,108661.9,510.89
1748414107,108661.9,108662.0,108657.6,108657.7,96.35
1748414118,108657.7,108666.0,108657.7,108666.0,509.5300000000001
1748414128,108666.0,108666.0,108665.9,108666.0,67.30999999999999
1748414138,108665.9,108686.5,108665.9,108686.5,1254.89
1748414148,108686.5,108686.5,108665.9,108666.0,971.96
1748414158,108666.0,108666.0,108665.9,108665.9,64.92
1748414168,108666.0,108666.0,108665.9,108666.0,16.55
1748414178,108666.0,108684.0,108665.9,108684.0,296.09999999999997
1748414188,108684.0,108688.0,108668.0,108668.0,759.54
1748414198,108667.5,108667.5,108636.0,108636.1,843.5099999999999
1748414208,108636.0,108636.1,108635.4,108635.4,414.64
1748414218,108634.8,108634.8,108609.2,108609.3,606.01
1748414228,108609.2,108654.0,108609.2,108654.0,705.14
1748414238,108654.0,108654.0,108636.0,108636.1,179.98
1748414248,108636.0,108636.0,108630.9,108630.9,68.91
1748414258,108631.0,108636.0,108630.9,108636.0,65.63
1748414268,108636.0,108636.0,108635.9,108636.0,65.63000000000001
1748414278,108636.0,108636.0,108635.9,108636.0,64.50000000000001
1748414288,108636.0,108646.0,108636.0,108645.9,102.14
1748414298,108646.0,108646.0,108645.9,108645.9,53.75
1748414308,108645.9,108646.0,108641.1,108641.1,145.47
1748414318,108641.1,108641.2,108600.1,108605.8,668.9399999999999
1748414328,108605.8,108622.9,108605.8,108622.9,125.94
1748414338,108622.9,108650.0,108622.9,108650.0,226.03000000000003
1748414348,108650.0,108650.0,108641.1,108641.2,192.79000000000005
1748414359,108641.1,108649.2,108641.1,108649.0,93.23
1748414369,108649.0,108680.0,108648.9,108680.0,884.6099999999999
1748414379,108680.0,108680.0,108679.9,108679.9,73.99999999999997
1748414389,108680.0,108680.0,108679.9,108680.0,140.81000000000003
1748414399,108680.0,108696.9,108679.9,108682.1,284.85
1748414409,108682.1,108690.3,108682.1,108682.2,223.07
1748414419,108682.1,108690.2,108680.0,108680.1,204.32
1748414429,108680.1,108690.3,108680.1,108690.3,216.95
1748414439,108690.3,108690.3,108690.2,108690.3,9.22
1748414449,108690.3,108690.3,108690.2,108690.2,19.58
1748414459,108690.3,108690.3,108680.1,108690.3,184.44000000000003
1748414469,108690.3,108692.3,108690.3,108692.3,176.53
1748414479,108692.2,108697.5,108692.2,108697.4,93.01000000000002
1748414489,108697.5,108697.5,108697.4,108697.4,182.71000000000004
1748414499,108697.4,108697.5,108697.4,108697.4,29.58
1748414509,108697.5,108697.5,108697.4,108697.5,15.74
1748414519,108697.4,108713.0,108697.4,108713.0,84.02
1748414529,108713.0,108713.0,108712.9,108712.9,303.63
1748414539,108712.9,108712.9,108697.4,108697.5,122.87999999999998
1748414549,108697.4,108697.5,108697.4,108697.5,144.29
1748414559,108697.5,108697.5,108697.4,108697.5,14.34
1748414569,108697.4,108697.5,108697.4,108697.5,368.22
1748414579,108697.5,108697.5,108697.4,108697.4,79.03
1748414589,108697.5,108697.5,108697.4,108697.4,44.22
1748414601,108697.4,108697.4,108694.0,108694.0,295.96999999999997
1748414611,108694.0,108694.1,108694.0,108694.1,69.91
1748414621,108694.2,108705.7,108694.2,108705.4,29.049999999999997
1748414632,108705.4,108705.5,108705.4,108705.4,194.41
1748414642,108705.5,108705.5,108705.4,108705.4,98.23
1748414652,108705.4,108722.8,108705.4,108722.8,266.41999999999996
1748414662,108722.8,108725.4,108722.7,108725.4,100.64
1748414672,108725.4,108734.0,108722.0,108722.0,849.15
1748414682,108722.0,108722.1,108710.1,108710.1,398.28
1748414692,108710.2,108710.2,108710.1,108710.1,35.25
1748414702,108710.1,108710.2,108702.5,108702.6,90.32
1748414712,108702.5,108702.6,108694.9,108694.9,325.8500000000001
1748414723,108693.7,108693.8,108693.7,108693.7,116.72
1748414733,108693.8,108693.8,108692.0,108692.0,22.699999999999996
1748414743,108692.0,108692.1,108682.2,108682.2,85.0
1748414753,108682.2,108682.3,108682.2,108682.2,69.29999999999998
1748414764,108682.2,108682.3,108672.0,108672.1,226.44000000000003
1748414774,108672.1,108682.3,108672.1,108682.3,69.66000000000001
1748414784,108682.2,108682.3,108682.2,108682.2,54.419999999999995
1748414794,108682.2,108682.3,108682.2,108682.3,123.09000000000002
1748414804,108682.3,108728.1,108682.3,108728.1,504.6200000000001
1748414814,108728.2,108728.2,108728.1,108728.1,43.59
1748414824,108728.1,108740.3,108728.1,108740.2,352.78
1748414834,108740.3,108740.3,108740.2,108740.3,346.19
1748414844,108740.3,108740.3,108740.2,108740.2,692.64
1748414854,108740.2,108740.3,108740.2,108740.2,86.44
1748414864,108740.2,108761.5,108740.2,108761.5,680.5800000000002
1748414874,108761.4,108761.5,108740.0,108740.0,110.32
1748414884,108740.0,108751.0,108740.0,108750.9,1345.57
1748414894,108750.9,108761.5,108750.9,108761.4,53.06
1748414904,108761.4,108763.5,108761.4,108763.5,57.05
1748414922,108738.4,108738.5,108738.4,108738.5,7.949999999999999
1748414932,108738.4,108738.5,108738.4,108738.5,234.11
1748414942,108738.5,108748.6,108738.4,108748.0,121.82999999999998
1748414952,108747.9,108748.0,108747.9,108747.9,103.9
1748414962,108747.9,108759.4,108747.9,108759.4,26.480000000000004
1748414972,108759.3,108759.4,108759.3,108759.3,17.669999999999998
1748414983,108759.3,108759.4,108759.3,108759.4,18.95
1748414993,108759.3,108777.8,108759.3,108777.8,402.15
1748415003,108777.7,108777.8,108759.3,108759.3,623.8699999999999
1748415013,108759.3,108777.8,108759.3,108777.8,403.55000000000007
1748415024,108777.8,108777.8,108777.7,108777.7,61.26
1748415034,108777.7,108786.6,108777.7,108786.6,474.06
1748415044,108786.6,108786.6,108786.5,108786.5,133.48
1748415054,108786.5,108786.6,108742.1,108745.1,1933.51
1748415064,108745.0,108746.5,108742.1,108746.5,340.0499999999999
1748415074,108746.5,108757.0,108746.5,108757.0,192.21
1748415084,108758.1,108759.4,108758.1,108759.3,64.27
1748415095,108759.3,108759.4,108759.3,108759.3,38.28
1748415105,108759.3,108759.4,108759.3,108759.3,5.19
1748415115,108759.3,108759.4,108742.1,108742.1,125.37
1748415125,108742.1,108742.2,108742.1,108742.1,12.13
1748415135,108742.1,108742.2,108742.1,108742.1,107.94000000000004
1748415145,108742.2,108742.2,108742.1,108742.1,75.02000000000001
1748415155,108742.1,108742.2,108742.1,108742.2,22.6
1748415165,108742.1,108742.2,108742.1,108742.1,152.43
1748415175,108742.1,108742.2,108742.1,108742.2,20.68
1748415185,108742.2,108742.2,108742.1,108742.1,34.61
1748415195,108742.2,108755.1,108742.2,108755.1,618.9100000000001
1748415205,108755.1,108755.1,108742.1,108742.1,1017.04
1748415215,108742.1,108759.4,108742.1,108759.3,229.47000000000003
1748415225,108759.3,108759.4,108759.3,108759.3,55.88000000000001
1748415235,108759.3,108759.4,108759.3,108759.3,45.6
1748415245,108759.3,108772.6,108759.3,108771.0,551.9800000000001
1748415259,108771.0,108772.0,108771.0,108772.0,235.08999999999995
1748415269,108771.9,108772.0,108771.9,108771.9,207.48999999999992
1748415279,108771.9,108772.0,108771.9,108772.0,275.84
1748415289,108772.0,108772.0,108771.9,108772.0,25.54
1748415299,108772.0,108772.0,108764.5,108764.5,556.5400000000001
1748415309,108764.5,108764.6,108760.1,108760.1,207.36
1748415319,108760.2,108760.2,108760.1,108760.1,70.63
1748415329,108760.1,108760.2,108760.1,108760.2,57.680000000000014
1748415339,108760.1,108760.2,108740.8,108740.8,504.54
1748415349,108740.8,108740.9,108740.8,108740.8,30.730000000000004
1748415359,108740.8,108740.9,108740.8,108740.8,4.7
1748415369,108740.8,108740.9,108740.8,108740.8,145.98999999999998
1748415379,108740.8,108740.9,108740.8,108740.9,54.5
1748415389,108740.9,108740.9,108733.6,108733.6,541.8899999999999
1748415400,108733.6,108733.7,108733.6,108733.7,56.82999999999999
1748415410,108733.7,108740.8,108733.6,108740.8,63.57
1748415420,108740.8,108740.8,108722.7,108722.7,72.31000000000002
1748415430,108722.8,108722.8,108722.7,108722.7,36.75
1748415441,108722.8,108722.8,108722.7,108722.7,60.099999999999994
1748415451,108722.8,108722.8,108708.7,108708.7,136.02999999999997
1748415461,108707.6,108707.6,108700.0,108700.0,271.49
1748415471,108700.1,108705.7,108700.0,108705.6,156.48
1748415481,108705.6,108705.7,108705.6,108705.7,663.4299999999998
1748415491,108705.7,108705.7,108697.1,108697.1,49.27
1748415501,108697.1,108697.2,108666.7,108666.8,5501.9400000000005
1748415513,108666.7,108666.8,108666.7,108666.8,153.22
1748415524,108666.8,108666.8,108666.7,108666.8,157.13999999999996
1748415534,108666.8,108666.8,108666.7,108666.8,197.66
1748415544,108666.8,108687.8,108666.8,108687.8,411.73
1748415554,108687.8,108690.5,108687.8,108690.5,436.25
1748415565,108690.5,108690.5,108684.4,108684.5,96.83
1748415575,108684.4,108684.5,108681.0,108681.0,94.93
1748415585,108681.0,108681.0,108676.0,108676.1,86.42
1748415596,108676.1,108694.8,108676.0,108694.8,492.95000000000016
1748415606,108694.7,108694.8,108694.7,108694.8,150.11
1748415616,108694.7,108694.8,108694.7,108694.8,55.84
1748415626,108694.7,108713.3,108694.7,108710.2,401.12999999999994
1748415636,108710.2,108714.0,108694.7,108694.8,118.34
1748415646,108694.7,108694.8,108694.7,108694.8,63.309999999999995
1748415656,108694.8,108694.8,108683.8,108683.9,242.77
1748415666,108683.9,108692.6,108683.8,108692.6,188.57
1748415676,108692.6,108693.6,108692.6,108693.6,44.599999999999994
1748415687,108693.6,108706.0,108693.5,108706.0,115.54
1748415697,108706.0,108722.0,108705.9,108722.0,110.5
1748415707,108722.0,108722.0,108721.9,108722.0,196.96
1748415717,108722.0,108727.5,108722.0,108727.5,245.44999999999996
1748415727,108727.5,108727.5,108727.4,108727.5,897.21
1748415738,108727.5,108727.5,108727.4,108727.5,38.419999999999995
1748415748,108727.5,108727.5,108722.0,108722.0,595.0
1748415759,108722.0,108722.0,108691.9,108691.9,507.54999999999984
1748415769,108692.0,108692.0,108672.7,108678.0,1033.8099999999995
1748415779,108678.0,108691.6,108678.0,108686.3,529.65
1748415789,108686.3,108691.8,108674.0,108674.0,1081.97
1748415799,108674.0,108674.1,108674.0,108674.0,73.14999999999999
1748415809,108674.0,108674.1,108666.0,108666.0,352.57
1748415819,108666.0,108674.7,108666.0,108674.7,101.3
1748415829,108674.7,108688.1,108674.6,108688.1,164.54000000000002
1748415839,108688.0,108735.5,108688.0,108735.5,161.27
1748415849,108735.5,108760.1,108735.4,108760.1,1281.33
1748415859,108760.1,108767.5,108760.1,108767.4,197.09
1748415869,108767.5,108767.5,108743.6,108743.7,252.22
1748415880,108743.6,108743.7,108743.6,108743.7,11.619999999999996
1748415890,108743.7,108743.7,108743.6,108743.7,164.5
1748415900,108743.7,108743.7,108743.6,108743.7,10.87
1748415910,108743.7,108743.7,108743.6,108743.6,34.41
1748415920,108743.7,108743.7,108743.6,108743.6,5.85
1748415930,108743.6,108752.0,108743.6,108752.0,550.5400000000001
1748415940,108752.0,108752.0,108751.9,108751.9,1039.28
1748415950,108751.7,108751.7,108750.3,108750.3,98.16
1748415960,108750.4,108777.8,108750.4,108777.7,526.1899999999999
1748415970,108777.7,108777.8,108777.7,108777.8,191.1
1748415980,108777.8,108815.1,108777.7,108815.1,799.9299999999998
1748415990,108815.0,108815.1,108815.0,108815.0,151.69999999999996
1748416000,108815.0,108815.1,108791.7,108791.7,1563.0499999999995
1748416010,108791.7,108810.0,108791.7,108810.0,118.08
1748416020,108810.0,108810.0,108809.9,108809.9,194.79
1748416030,108809.9,108810.0,108800.3,108806.0,773.2299999999998
1748416040,108806.0,108840.0,108805.9,108830.1,1303.5999999999997
1748416050,108830.0,108843.5,108830.0,108843.5,313.07000000000005
1748416060,108843.5,108865.6,108843.4,108853.6,737.27
1748416070,108853.5,108861.0,108853.5,108860.9,175.00000000000003
1748416080,108861.0,108873.0,108860.9,108873.0,646.55
1748416090,108873.0,108876.5,108872.9,108876.4,960.5
1748416100,108876.5,108885.0,108876.4,108884.9,379.66
1748416110,108885.0,108968.4,108885.0,108953.1,6525.09
1748416120,108953.1,108953.2,108924.0,108924.1,345.44
1748416130,108924.0,108924.1,108916.0,108916.1,653.54
1748416140,108916.0,108916.1,108916.0,108916.0,895.3099999999998
1748416150,108916.0,108916.1,108903.2,108903.2,379.24
1748416160,108903.2,108903.3,108902.0,108902.0,217.3
1748416170,108902.0,108902.1,108896.1,108896.1,182.58
1748416180,108896.1,108896.2,108896.1,108896.2,271.51
1748416190,108896.2,108896.2,108896.1,108896.2,170.77
1748416200,108896.2,108920.0,108896.1,108920.0,241.77
1748416210,108920.0,108920.0,108919.9,108919.9,462.52
1748416220,108919.9,108920.0,108919.9,108920.0,702.88
1748416230,108919.9,108920.0,108919.9,108919.9,98.3
1748416240,108919.9,108920.0,108911.3,108919.9,1501.4400000000005
1748416250,108919.9,108920.0,108919.9,108919.9,113.93999999999998
1748416260,108919.9,108946.4,108919.9,108946.3,388.94999999999993
1748416270,108946.4,108950.0,108924.7,108924.7,713.9799999999999
1748416280,108924.7,108924.8,108924.7,108924.7,243.58
1748416290,108924.7,108924.7,108920.0,108924.5,161.17000000000002
1748416300,108924.6,108924.6,108920.0,108920.0,104.96
1748416310,108920.0,108920.0,108900.0,108900.0,395.7999999999999
1748416320,108899.3,108899.3,108899.2,108899.3,337.54999999999995
1748416330,108899.2,108910.1,108899.2,108910.0,540.7800000000002
1748416340,108910.1,108910.1,108910.0,108910.0,104.97
1748416350,108910.0,108910.1,108910.0,108910.0,600.1999999999999
1748416360,108908.6,108908.7,108896.4,108896.4,169.9
1748416370,108896.1,108896.1,108868.0,108868.0,836.28
1748416380,108868.1,108868.1,108868.0,108868.0,650.75
1748416390,108868.1,108868.1,108868.0,108868.0,74.29000000000002
1748416400,108868.0,108875.1,108861.6,108875.0,298.95
1748416410,108875.1,108880.0,108843.8,108843.9,3012.7200000000003
1748416421,108843.8,108852.1,108843.8,108852.1,458.2000000000001
1748416431,108852.1,108864.0,108852.0,108863.9,224.2
1748416441,108863.9,108864.0,108863.9,108863.9,126.65
1748416451,108863.9,108864.0,108863.9,108863.9,191.9
1748416462,108863.9,108864.0,108863.9,108864.0,90.33
1748416472,108864.0,108864.0,108863.9,108863.9,115.91
1748416482,108864.0,108864.0,108863.9,108864.0,28.28
1748416492,108864.0,108864.0,108863.9,108864.0,156.85999999999996
1748416502,108864.0,108880.3,108863.9,108880.3,232.75000000000009
1748416512,108880.3,108880.3,108863.9,108864.0,245.93999999999997
1748416522,108864.0,108864.0,108863.9,108864.0,85.02999999999999
1748416532,108863.9,108864.0,108853.0,108853.0,559.54
1748416543,108853.1,108853.1,108853.0,108853.0,99.57
1748416553,108853.1,108853.1,108852.2,108852.2,149.66000000000005
1748416563,108852.3,108852.3,108852.2,108852.3,154.51999999999998
1748416573,108852.3,108852.3,108852.2,108852.2,139.84
1748416583,108852.2,108852.3,108852.2,108852.2,177.81
1748416593,108852.2,108852.3,108852.2,108852.2,127.81
1748416603,108852.3,108884.0,108852.3,108884.0,445.23
1748416613,108884.0,108895.9,108883.9,108895.9,502.45
1748416623,108895.9,108895.9,108895.8,108895.8,64.74
1748416633,108895.8,108899.6,108887.3,108899.6,694.83
1748416643,108899.5,108899.6,108899.5,108899.6,142.87
1748416653,108899.5,108899.5,108888.7,108888.7,187.33
1748416663,108888.7,108888.8,108888.7,108888.7,83.8
1748416673,108888.7,108888.8,108873.7,108873.7,371.35
1748416683,108873.7,108882.4,108873.7,108882.3,68.28999999999998
1748416693,108882.3,108888.7,108882.3,108888.7,127.86
1748416703,108888.7,108888.7,108888.6,108888.7,43.629999999999995
1748416713,108888.7,108888.7,108888.6,108888.6,63.28
1748416723,108888.6,108888.7,108888.6,108888.7,48.6
1748416733,108888.6,108900.0,108888.6,108899.9,389.05
1748416743,108900.0,108900.0,108899.9,108899.9,65.64
1748416753,108900.0,108900.0,108899.9,108899.9,45.95
1748416764,108900.0,108900.0,108899.9,108899.9,373.4100000000001
1748416774,108899.9,108900.0,108890.5,108890.5,614.7899999999998
1748416784,108890.5,108890.6,108890.5,108890.5,61.77
1748416794,108890.6,108890.6,108890.5,108890.5,54.819999999999986
1748416804,108890.5,108890.6,108890.5,108890.5,60.25
1748416815,108890.6,108890.6,108890.5,108890.5,18.31
1748416825,108890.5,108890.6,108890.5,108890.5,49.900000000000006
1748416836,108890.5,108890.6,108890.5,108890.5,75.66
1748416846,108890.5,108890.6,108890.5,108890.6,26.290000000000006
1748416856,108890.5,108890.6,108850.0,108850.0,1048.64
1748416866,108850.0,108862.9,108850.0,108862.8,442.23
1748416876,108862.8,108862.9,108862.8,108862.9,53.38999999999999
1748416886,108862.8,108862.9,108862.8,108862.9,56.56
1748416896,108862.8,108862.9,108862.8,108862.8,132.94000000000003
1748416906,108862.8,108862.9,108862.8,108862.9,183.0699999999999
1748416916,108862.8,108873.3,108862.8,108873.2,344.57
1748416926,108873.3,108873.3,108873.2,108873.3,34.839999999999996
1748416936,108873.3,108873.3,108873.2,108873.2,63.01
1748416946,108873.3,108873.3,108873.2,108873.3,20.249999999999996
1748416956,108873.3,108873.3,108873.2,108873.3,11.679999999999998
1748416966,108873.2,108873.3,108873.2,108873.3,12.18
1748416976,108873.2,108887.4,108873.2,108887.4,181.5
1748416986,108887.4,108920.0,108887.4,108920.0,1693.4999999999998
1748416996,108920.0,108930.0,108920.0,108930.0,781.31
1748417006,108930.0,108930.0,108929.9,108930.0,40.8
1748417016,108929.9,108930.0,108912.8,108912.8,552.8399999999999
1748417026,108912.8,108912.8,108912.1,108912.1,252.27
1748417036,108912.1,108912.1,108880.0,108880.0,441.2600000000001
1748417046,108880.1,108880.1,108846.7,108846.8,785.0900000000001
1748417056,108846.8,108858.9,108846.8,108858.9,148.26
1748417066,108858.9,108858.9,108858.8,108858.8,103.93000000000002
1748417076,108858.8,108858.9,108858.8,108858.8,400.91
1748417086,108858.8,108865.6,108858.8,108865.6,496.52
1748417096,108865.5,108865.6,108865.5,108865.5,45.27
1748417106,108865.6,108865.6,108865.5,108865.6,163.51000000000002
1748417117,108865.6,108865.6,108865.5,108865.5,32.190000000000005
1748417127,108865.5,108865.6,108865.5,108865.5,19.92
1748417137,108865.5,108865.6,108865.5,108865.5,16.23
1748417147,108865.5,108865.6,108865.5,108865.5,44.65
1748417157,108865.5,108865.6,108830.0,108830.0,973.24
1748417167,108830.1,108830.1,108830.0,108830.1,59.1
1748417177,108830.1,108830.1,108830.0,108830.0,128.62
1748417187,108830.0,108830.1,108830.0,108830.0,488.09
1748417197,108830.0,108843.8,108830.0,108843.8,272.14
1748417207,108843.7,108843.8,108843.7,108843.7,68.82999999999998
1748417218,108843.8,108843.8,108843.7,108843.8,20.869999999999997
1748417228,108843.7,108854.4,108843.7,108854.4,77.74
1748417239,108854.4,108854.4,108854.3,108854.3,50.25999999999999
1748417249,108854.3,108854.4,108854.3,108854.3,65.31
1748417259,108854.4,108854.4,108854.3,108854.3,29.08
1748417269,108854.3,108854.4,108854.3,108854.3,125.96999999999998
1748417279,108854.3,108854.4,108854.3,108854.3,75.71000000000001
1748417289,108854.4,108854.4,108854.3,108854.3,15.169999999999998
1748417299,108854.3,108854.4,108854.3,108854.3,8.94
1748417309,108854.3,108854.4,108854.3,108854.3,42.99
1748417319,108854.3,108854.4,108854.3,108854.3,26.78
1748417329,108854.3,108854.4,108854.3,108854.3,23.350000000000005
1748417339,108854.3,108854.4,108854.3,108854.3,98.02
1748417349,108854.4,108854.4,108854.3,108854.3,180.05999999999997
1748417360,108854.3,108854.4,108847.2,108847.2,181.94
1748417370,108847.2,108847.3,108847.2,108847.2,51.83999999999999
1748417380,108847.2,108847.3,108840.6,108840.6,310.01000000000005
1748417390,108840.6,108840.6,108834.3,108834.3,946.55
1748417400,108834.3,108834.4,108817.5,108817.5,1225.3
1748417410,108817.5,108817.6,108817.5,108817.5,62.27
1748417420,108817.5,108817.6,108817.5,108817.5,30.889999999999997
1748417430,108817.5,108817.6,108817.5,108817.5,75.07
1748417440,108817.5,108817.6,108817.5,108817.5,50.91000000000001
1748417450,108817.5,108850.0,108817.5,108849.9,971.2
1748417460,108850.0,108850.0,108849.9,108849.9,49.849999999999994
1748417470,108849.9,108850.0,108830.4,108830.5,154.65
1748417480,108830.4,108842.6,108830.4,108842.5,223.45
1748417490,108842.6,108842.6,108842.5,108842.6,61.89000000000001
1748417500,108842.5,108842.6,108842.5,108842.5,31.63
1748417510,108842.5,108842.6,108842.5,108842.5,118.87999999999997
1748417520,108842.5,108850.0,108842.5,108849.9,147.33
1748417530,108850.0,108854.4,108849.9,108854.3,38.39000000000001
1748417540,108854.4,108854.4,108854.3,108854.4,86.63000000000001
1748417550,108854.3,108854.4,108854.3,108854.3,274.18999999999994
1748417560,108854.4,108854.4,108843.5,108844.0,1050.3599999999997
1748417570,108844.0,108855.8,108844.0,108855.8,481.73
1748417580,108855.8,108873.9,108855.8,108869.5,137.53
1748417591,108869.4,108869.5,108869.4,108869.4,29.369999999999997
1748417601,108869.5,108875.5,108869.4,108875.5,198.65
1748417611,108875.5,108880.0,108875.5,108880.0,148.29
1748417621,108879.9,108880.0,108879.9,108879.9,201.53
1748417631,108880.0,108880.0,108869.5,108869.5,253.89
1748417641,108869.5,108869.6,108869.5,108869.6,21.959999999999997
1748417651,108869.5,108869.6,108869.5,108869.5,14.63
1748417662,108869.6,108869.6,108869.5,108869.5,563.77
1748417672,108869.5,108878.0,108869.5,108878.0,197.2
1748417683,108877.9,108882.5,108877.9,108882.5,144.51999999999998
1748417693,108882.4,108882.5,108882.4,108882.4,63.419999999999995
1748417703,108882.4,108882.5,108882.4,108882.4,35.22
1748417714,108882.5,108882.5,108882.4,108882.5,690.64
1748417724,108882.4,108882.5,108882.4,108882.5,31.979999999999993
1748417734,108882.5,108882.5,108872.0,108872.0,208.97
1748417744,108872.0,108872.1,108872.0,108872.0,327.76
1748417754,108872.1,108872.1,108872.0,108872.1,13.11
1748417764,108872.1,108872.1,108872.0,108872.1,80.79
1748417774,108872.1,108880.0,108872.0,108880.0,137.7
1748417785,108879.9,108885.2,108879.9,108885.2,415.2900000000001
1748417795,108885.1,108885.2,108885.1,108885.1,94.56
1748417805,108885.1,108890.6,108885.1,108890.6,407.9900000000001
1748417818,108890.6,108900.0,108890.5,108899.9,1300.4399999999998
1748417828,108900.0,108900.0,108899.9,108899.9,130.69000000000003
1748417838,108900.0,108900.0,108899.9,108900.0,265.05
1748417848,108900.0,108900.0,108899.9,108900.0,138.66999999999996
1748417858,108900.0,108900.0,108899.9,108900.0,76.88999999999999
1748417868,108900.0,108900.0,108895.6,108895.6,745.3899999999999
1748417878,108895.7,108895.7,108895.6,108895.7,344.29
1748417888,108895.7,108895.7,108895.6,108895.7,102.18999999999998
1748417898,108895.6,108895.6,108872.0,108872.1,564.6199999999999
1748417908,108872.0,108872.1,108872.0,108872.1,67.21000000000001
1748417918,108872.1,108880.5,108872.0,108880.5,122.3
1748417928,108880.5,108882.1,108880.4,108882.1,46.28
1748417938,108882.1,108882.1,108882.0,108882.1,6.44
1748417948,108882.1,108882.1,108882.0,108882.1,420.62
1748417958,108882.0,108882.0,108882.0,108882.0,3.45
1748417968,108882.0,108882.1,108882.0,108882.1,8.64
1748417978,108882.0,108882.1,108879.8,108879.8,749.7200000000001
1748417988,108879.8,108879.9,108879.8,108879.9,53.870000000000005
1748417998,108879.8,108879.9,108879.8,108879.8,284.38
1748418008,108879.8,108879.9,108872.1,108872.2,238.93999999999997
1748418018,108872.1,108872.2,108866.0,108866.0,169.03
1748418028,108866.0,108866.1,108866.0,108866.1,33.42
1748418038,108866.1,108866.1,108866.0,108866.0,92.01
1748418048,108866.0,108866.1,108866.0,108866.0,87.06
1748418058,108866.0,108881.0,108866.0,108880.9,331.9799999999999
1748418068,108881.0,108881.0,108880.9,108881.0,13.34
1748418080,108881.0,108883.0,108881.0,108883.0,175.97000000000003
1748418091,108883.0,108902.0,108883.0,108901.9,618.98
1748418101,108902.0,108902.0,108901.9,108901.9,73.17999999999999
1748418111,108901.9,108904.0,108901.9,108903.9,134.75
1748418121,108903.9,108904.0,108903.9,108903.9,58.21999999999999
1748418131,108903.9,108911.8,108903.9,108911.0,221.25
1748418141,108911.0,108912.0,108910.9,108911.9,196.33999999999995
1748418151,108912.0,108912.0,108911.9,108911.9,226.27
1748418161,108911.9,108921.9,108911.9,108921.8,517.8
1748418171,108921.9,108921.9,108921.8,108921.8,182.42
1748418181,108921.9,108921.9,108921.8,108921.8,38.919999999999995
1748418191,108921.9,108921.9,108921.8,108921.9,261.78
1748418202,108921.9,108921.9,108914.0,108914.2,325.54999999999995
1748418212,108914.3,108914.3,108912.0,108912.0,103.93
1748418222,108912.0,108912.1,108912.0,108912.0,56.67
1748418232,108912.1,108912.1,108912.0,108912.0,415.1700000000001
1748418242,108912.1,108912.1,108912.0,108912.0,73.47
1748418252,108912.0,108912.1,108912.0,108912.0,92.51
1748418262,108912.0,108912.1,108912.0,108912.1,78.19999999999999
1748418272,108912.0,108912.1,108912.0,108912.1,30.260000000000005
1748418282,108912.0,108912.1,108912.0,108912.0,93.8
1748418292,108912.0,108912.1,108912.0,108912.1,238.24999999999997
1748418302,108912.0,108912.2,108912.0,108912.1,39.349999999999994
1748418312,108912.1,108912.2,108912.1,108912.1,122.12000000000002
1748418322,108912.2,108912.2,108912.1,108912.1,9.779999999999998
1748418332,108912.1,108912.2,108912.1,108912.1,56.67999999999999
1748418342,108912.1,108912.2,108912.1,108912.1,145.98999999999998
1748418352,108912.1,108912.2,108912.1,108912.1,128.64
1748418362,108912.1,108912.2,108912.1,108912.2,172.37
1748418372,108912.1,108912.2,108912.1,108912.2,125.25
1748418382,108912.2,108912.2,108912.1,108912.1,17.880000000000003
1748418392,108912.1,108912.2,108912.1,108912.1,58.49
1748418402,108912.1,108912.2,108912.1,108912.2,27.53
1748418412,108912.1,108912.2,108887.6,108887.6,934.95
1748418422,108887.6,108887.7,108887.6,108887.7,363.42
1748418432,108887.6,108887.7,108887.6,108887.7,991.98
1748418443,108887.6,108887.7,108887.6,108887.6,127.45000000000002
1748418453,108887.6,108887.7,108887.6,108887.6,257.08
1748418463,108887.6,108887.7,108887.6,108887.6,30.0
1748418473,108887.6,108887.7,108887.6,108887.6,78.98000000000002
1748418483,108887.6,108887.7,108887.6,108887.6,408.5
1748418493,108887.6,108887.7,108887.6,108887.6,299.8999999999999
1748418503,108887.6,108887.7,108887.6,108887.6,51.79
1748418513,108887.7,108898.0,108887.6,108897.9,242.74
1748418523,108897.9,108898.0,108897.9,108897.9,146.14
1748418533,108897.9,108908.0,108897.9,108908.0,156.54
1748418543,108907.9,108908.0,108907.9,108907.9,25.28
1748418553,108907.9,108908.0,108907.9,108907.9,34.94
1748418563,108907.9,108908.0,108907.9,108907.9,20.31
1748418573,108907.9,108908.1,108907.9,108908.0,875.2800000000001
1748418583,108908.1,108908.1,108908.0,108908.0,213.1599999999999
1748418593,108908.0,108908.1,108902.2,108902.2,226.97999999999996
1748418603,108902.2,108902.3,108882.9,108882.9,306.06
1748418613,108882.9,108883.0,108858.0,108858.0,478.27
1748418623,108858.0,108858.1,108850.0,108850.0,111.51000000000002
1748418633,108850.0,108850.1,108850.0,108850.0,70.87999999999998
1748418643,108850.1,108864.0,108850.0,108863.9,1223.68
1748418654,108863.9,108864.0,108863.9,108863.9,180.31000000000003
1748418664,108863.9,108864.0,108863.9,108863.9,24.59999999999999
1748418675,108863.9,108864.0,108863.9,108864.0,4.6499999999999995
1748418685,108864.0,108864.0,108863.9,108863.9,7.8199999999999985
1748418695,108864.0,108864.0,108863.9,108863.9,9.16
1748418705,108863.9,108891.6,108863.9,108891.5,360.97
1748418715,108891.5,108891.5,108891.4,108891.4,50.98
1748418725,108891.5,108891.5,108882.6,108882.7,170.16
1748418735,108882.7,108882.7,108869.0,108869.0,644.8599999999999
1748418747,108869.0,108891.5,108869.0,108891.4,195.71
1748418758,108891.4,108891.5,108891.4,108891.5,105.22
1748418768,108891.4,108891.5,108891.4,108891.5,72.14000000000003
1748418779,108891.4,108891.5,108891.4,108891.4,148.06
1748418789,108891.4,108891.5,108891.4,108891.5,44.83
1748418800,108891.5,108891.5,108891.4,108891.4,16.419999999999998
1748418810,108891.4,108891.5,108891.4,108891.4,53.86000000000001
1748418820,108891.4,108891.5,108891.4,108891.5,140.88
1748418830,108891.4,108900.0,108891.4,108899.9,928.94
1748418840,108900.0,108900.0,108899.9,108900.0,87.54999999999998
1748418850,108899.9,108905.7,108899.9,108905.6,407.48
1748418860,108905.7,108940.9,108905.7,108940.9,1301.31
1748418870,108940.9,108960.0,108940.9,108959.9,1053.91
1748418880,108960.0,108960.0,108959.9,108959.9,163.80000000000004
1748418890,108959.9,108960.0,108931.9,108931.9,1601.87
1748418900,108931.9,108932.0,108910.9,108910.9,477.4899999999999
1748418910,108910.9,108911.0,108893.9,108893.9,265.38
1748418922,108893.9,108894.0,108893.9,108893.9,95.41
1748418932,108893.9,108894.0,108893.9,108893.9,67.77000000000001
1748418942,108893.9,108893.9,108843.5,108843.5,2349.0199999999995
1748418952,108843.5,108851.1,108843.5,108851.0,128.18
1748418962,108851.1,108851.1,108784.8,108784.8,2566.75
1748418972,108784.8,108784.9,108743.0,108751.7,2424.2500000000005
1748418982,108751.7,108770.0,108751.6,108769.9,484.58
1748418992,108770.0,108770.0,108743.0,108743.0,1008.01
1748419002,108743.0,108743.1,108743.0,108743.0,271.18
1748419012,108743.0,108743.1,108743.0,108743.0,536.8399999999999
1748419022,108743.0,108747.9,108743.0,108747.9,970.43
1748419032,108747.9,108756.6,108747.8,108756.6,472.7499999999999
1748419042,108756.6,108761.4,108756.5,108761.4,1025.73
1748419052,108761.3,108761.4,108761.3,108761.3,43.06
1748419062,108761.4,108761.4,108761.3,108761.3,67.64000000000001
1748419072,108761.4,108761.4,108761.3,108761.3,444.02
1748419082,108761.4,108761.4,108761.3,108761.3,69.57000000000001
1748419092,108761.4,108761.4,108761.3,108761.3,368.19
1748419103,108761.3,108781.6,108761.3,108781.5,341.6600000000001
1748419113,108780.0,108780.0,108763.0,108763.1,120.17
1748419123,108763.1,108763.1,108763.0,108763.1,91.12
1748419133,108763.1,108763.1,108763.0,108763.0,83.39999999999999
1748419143,108763.1,108763.1,108763.0,108763.0,297.3500000000001
1748419153,108763.0,108763.1,108763.0,108763.1,124.29
1748419163,108763.1,108763.1,108763.0,108763.1,111.07999999999998
1748419173,108763.0,108763.1,108763.0,108763.0,26.01
1748419183,108763.1,108763.1,108763.0,108763.0,173.35
1748419193,108763.1,108788.5,108763.0,108788.5,482.54
1748419203,108788.5,108800.0,108788.4,108800.0,536.65
1748419213,108800.0,108800.0,108789.6,108789.6,249.24
1748419225,108789.7,108789.7,108784.4,108784.4,242.18
1748419235,108784.5,108784.5,108784.4,108784.4,69.03
1748419245,108784.5,108784.5,108784.4,108784.5,557.2700000000001
1748419255,108784.4,108800.3,108784.4,108800.3,175.23
1748419265,108800.3,108828.4,108800.2,108828.3,232.97000000000003
1748419276,108828.4,108843.2,108828.4,108843.2,962.59
1748419286,108843.1,108843.2,108837.9,108838.0,788.0400000000001
1748419296,108838.7,108845.4,108838.7,108845.4,130.79999999999998
1748419306,108845.4,108845.4,108845.3,108845.4,96.12999999999998
1748419316,108845.4,108845.4,108838.6,108838.6,1367.26
1748419326,108838.7,108838.7,108838.6,108838.7,18.530000000000005
1748419336,108838.7,108838.7,108838.6,108838.7,81.44
1748419346,108838.6,108838.7,108838.6,108838.6,139.31000000000003
1748419356,108838.7,108838.7,108838.6,108838.7,78.06
1748419366,108838.6,108838.7,108838.6,108838.6,22.88
1748419376,108838.6,108838.7,108838.6,108838.6,219.18
1748419386,108838.6,108838.6,108838.0,108838.0,429.13
1748419396,108838.0,108838.1,108831.0,108831.0,319.08
1748419406,108831.0,108837.0,108831.0,108837.0,360.9899999999999
1748419416,108837.0,108837.0,108836.9,108836.9,74.29
1748419426,108836.9,108837.0,108832.4,108832.4,384.75
1748419436,108832.4,108845.4,108832.4,108845.4,419.99000000000007
1748419446,108845.4,108845.4,108841.1,108841.1,393.74999999999994
1748419456,108841.2,108857.8,108841.1,108854.6,974.52
1748419466,108854.6,108864.8,108854.5,108864.8,84.96
1748419476,108864.8,108864.8,108864.7,108864.8,122.61
1748419486,108864.7,108864.8,108864.7,108864.7,119.9
1748419496,108864.7,108864.8,108864.7,108864.8,73.14
1748419506,108864.8,108864.8,108864.7,108864.7,65.95
1748419516,108864.7,108864.7,108858.1,108858.1,156.26
1748419526,108858.2,108858.2,108856.1,108856.1,141.20999999999998
1748419536,108856.2,108856.2,108856.1,108856.1,835.3100000000001
1748419546,108856.2,108856.2,108856.1,108856.1,73.31000000000002
1748419556,108856.1,108864.8,108856.1,108864.8,257.91999999999996
1748419566,108864.8,108864.8,108864.7,108864.8,91.14
1748419576,108864.7,108886.6,108864.7,108886.6,287.01
1748419586,108886.5,108886.6,108881.9,108881.9,64.94000000000001
1748419596,108881.9,108882.0,108880.2,108880.2,395.6799999999999
1748419606,108880.3,108880.3,108880.2,108880.3,873.77
1748419616,108880.2,108880.3,108880.2,108880.2,250.8
1748419626,108880.3,108880.3,108880.2,108880.2,47.2
1748419636,108880.2,108880.2,108873.7,108873.7,534.48
1748419646,108873.7,108880.3,108873.7,108880.3,969.72
1748419656,108880.2,108880.3,108880.2,108880.2,55.95
1748419666,108880.2,108894.0,108880.2,108893.9,513.66
1748419676,108894.0,108894.0,108823.4,108823.5,1926.01
1748419686,108823.5,108858.4,108823.4,108858.4,662.06
1748419696,108858.3,108875.0,108858.3,108874.9,340.89
1748419706,108875.0,108875.0,108858.4,108858.4,768.28
1748419717,108858.4,108858.5,108849.3,108849.3,306.32
1748419727,108849.3,108852.3,108841.3,108852.3,270.11
1748419737,108852.3,108862.0,108843.8,108843.8,97.31000000000002
1748419747,108843.8,108843.9,108837.7,108837.8,44.400000000000006
1748419757,108837.7,108837.7,108829.0,108829.0,615.71
1748419767,108829.0,108829.1,108829.0,108829.0,44.20000000000001
1748419777,108829.0,108829.1,108828.0,108828.0,207.1
1748419787,108828.0,108828.0,108822.8,108822.8,268.55
1748419797,108822.9,108822.9,108822.8,108822.8,90.24
1748419807,108822.8,108822.9,108806.3,108806.4,685.7900000000002
1748419817,108806.3,108806.4,108780.9,108780.9,792.62
1748419827,108780.9,108781.0,108780.9,108780.9,78.64999999999999
1748419837,108780.9,108788.5,108780.9,108788.5,513.68
1748419847,108788.5,108788.5,108788.4,108788.4,192.48
1748419857,108788.4,108788.5,108788.4,108788.5,77.13
1748419868,108788.5,108788.5,108777.8,108777.9,1116.84
1748419878,108777.8,108777.9,108752.0,108752.1,1785.5600000000002
1748419888,108752.0,108752.1,108700.0,108700.0,2051.35
1748419898,108700.0,108700.1,108700.0,108700.0,288.05
1748419908,108700.0,108713.3,108700.0,108713.2,1364.64
1748419918,108713.2,108713.3,108710.0,108710.0,268.86
1748419928,108710.0,108712.6,108710.0,108712.5,861.63
1748419938,108712.6,108712.6,108703.5,108703.6,508.6
1748419948,108703.5,108703.6,108702.0,108702.0,388.5899999999999
1748419958,108702.1,108702.1,108701.0,108701.0,148.09
1748419968,108701.1,108701.1,108658.3,108658.3,4289.15
1748419978,108658.4,108658.4,108655.1,108655.2,1898.37
1748419988,108655.1,108655.2,108654.0,108654.1,1398.74
1748419998,108654.1,108654.1,108651.1,108651.2,889.0200000000001
1748420008,108651.2,108651.2,108651.1,108651.2,367.0700000000001
1748420018,108651.1,108651.2,108651.1,108651.2,305.53000000000003
1748420028,108651.2,108663.1,108651.1,108663.1,1092.22
1748420038,108663.0,108663.1,108647.0,108647.1,1959.61
1748420048,108647.1,108649.0,108647.0,108648.9,444.4899999999999
1748420058,108649.0,108675.0,108648.9,108675.0,945.28
1748420068,108675.0,108700.0,108675.0,108700.0,402.41
1748420078,108700.0,108703.5,108699.9,108703.5,1002.2999999999998
1748420088,108703.5,108703.5,108703.4,108703.5,699.77
1748420098,108703.5,108703.5,108695.0,108695.0,561.97
1748420108,108695.0,108695.0,108689.3,108689.4,974.41
1748420118,108689.3,108689.4,108689.3,108689.3,387.69000000000005
1748420128,108689.3,108689.4,108689.3,108689.3,156.13999999999996
1748420138,108689.4,108689.4,108689.3,108689.3,662.2900000000001
1748420148,108689.3,108689.4,108689.3,108689.4,240.95
1748420158,108689.3,108695.2,108689.3,108695.2,175.97000000000003
1748420168,108695.1,108704.6,108695.1,108704.6,323.75
1748420178,108704.6,108704.6,108704.5,108704.5,172.85000000000002
1748420188,108704.6,108704.6,108704.5,108704.6,300.65
1748420198,108704.6,108704.7,108704.5,108704.7,207.94000000000003
1748420208,108704.7,108718.5,108704.7,108714.0,1497.4799999999998
1748420218,108713.9,108713.9,108704.5,108704.6,1146.43
1748420228,108704.5,108706.7,108704.5,108706.7,156.63
1748420238,108706.7,108713.3,108706.6,108713.3,197.1
1748420248,108713.3,108718.0,108713.2,108718.0,129.30999999999997
1748420258,108717.9,108720.0,108717.9,108720.0,294.93
1748420268,108720.0,108720.0,108719.9,108719.9,151.78
1748420278,108719.9,108720.0,108719.9,108719.9,36.08
1748420288,108719.9,108720.0,108719.9,108720.0,71.42
1748420298,108720.0,108720.0,108719.9,108720.0,133.39
1748420308,108719.9,108720.0,108719.9,108719.9,55.24
1748420318,108719.9,108724.3,108719.9,108724.2,179.09
1748420328,108724.2,108724.3,108719.9,108719.9,1025.1699999999998
1748420338,108719.9,108720.0,108719.9,108719.9,118.75
1748420348,108719.9,108720.0,108719.9,108720.0,38.49000000000001
1748420358,108719.9,108719.9,108719.6,108719.6,402.80000000000007
1748420368,108719.6,108719.7,108719.5,108719.5,185.62
1748420378,108719.5,108719.6,108706.6,108706.6,1283.69
1748420388,108706.6,108706.7,108706.6,108706.6,44.99999999999999
1748420398,108706.7,108738.4,108706.6,108738.3,827.0700000000002
1748420408,108738.4,108773.7,108738.3,108773.6,347.5599999999999
1748420419,108773.6,108773.6,108766.0,108766.0,770.7700000000001
1748420429,108766.0,108766.1,108766.0,108766.0,430.68999999999994
1748420439,108766.0,108766.1,108766.0,108766.0,51.2
1748420449,108766.0,108766.1,108766.0,108766.0,37.07
1748420459,108766.0,108766.1,108766.0,108766.0,158.53
1748420469,108766.0,108766.1,108766.0,108766.0,89.59
1748420479,108766.1,108777.8,108766.1,108777.7,355.4399999999999
1748420489,108777.7,108800.0,108777.7,108799.9,1373.4899999999998
1748420499,108799.9,108810.1,108799.9,108810.0,395.9999999999999
1748420509,108810.1,108815.8,108810.0,108815.8,207.07
1748420519,108815.8,108816.0,108815.8,108815.9,232.71
1748420529,108815.9,108816.0,108795.5,108795.5,2361.53
1748420539,108795.5,108795.6,108795.5,108795.5,9.389999999999995
1748420549,108795.5,108795.6,108795.5,108795.5,98.46
1748420559,108795.5,108795.6,108795.5,108795.5,86.34
1748420569,108795.5,108795.6,108795.5,108795.5,44.93
1748420579,108795.5,108795.6,108791.3,108791.3,984.89
1748420589,108791.3,108804.1,108791.3,108804.0,214.00999999999996
1748420599,108804.1,108814.3,108804.1,108814.3,294.10999999999996
1748420611,108814.3,108818.5,108814.2,108818.5,111.80000000000004
1748420621,108818.5,108818.5,108818.4,108818.5,128.07999999999996
1748420631,108818.4,108818.4,108804.0,108804.0,515.76
1748420641,108804.0,108804.1,108804.0,108804.0,429.51
1748420651,108804.0,108804.0,108796.1,108796.1,496.2
1748420661,108796.1,108796.2,108796.1,108796.1,31.64
1748420671,108796.1,108796.2,108796.1,108796.1,107.13
1748420681,108796.1,108796.2,108796.1,108796.1,59.8
1748420691,108796.1,108796.2,108796.1,108796.1,195.91999999999996
1748420701,108796.1,108796.2,108796.1,108796.1,26.119999999999997
1748420711,108796.1,108796.2,108777.7,108777.7,890.77
1748420721,108777.7,108777.8,108777.7,108777.7,37.239999999999995
1748420731,108777.7,108862.8,108777.7,108858.0,3834.87
1748420741,108858.0,108858.1,108858.0,108858.0,34.849999999999994
1748420751,108858.0,108858.1,108858.0,108858.1,166.57
1748420761,108858.0,108858.1,108851.7,108858.0,127.26
1748420771,108858.0,108858.1,108858.0,108858.0,58.41
1748420781,108858.1,108870.2,108858.0,108870.2,748.5999999999999
1748420791,108870.1,108870.2,108870.1,108870.1,199.24
1748420801,108870.1,108870.2,108870.1,108870.2,86.82000000000002
1748420811,108870.1,108876.7,108870.1,108876.7,1069.79
1748420821,108876.6,108876.7,108867.2,108867.2,363.2
1748420831,108867.2,108875.3,108867.2,108870.4,1104.27
1748420842,108870.4,108870.5,108870.4,108870.4,292.87
1748420852,108870.4,108870.5,108870.4,108870.4,35.330000000000005
1748420862,108870.4,108870.5,108870.4,108870.4,48.330000000000005
1748420872,108870.4,108870.5,108870.4,108870.4,62.51
1748420882,108870.4,108870.5,108870.4,108870.4,204.26
1748420892,108870.4,108870.6,108870.4,108870.5,1015.3
1748420902,108870.5,108870.6,108870.5,108870.5,23.53
1748420912,108870.6,108870.6,108870.5,108870.6,237.09999999999997
1748420922,108870.5,108870.6,108870.5,108870.5,84.73000000000002
1748420932,108870.5,108870.6,108870.5,108870.5,193.8
1748420942,108870.6,108870.6,108870.5,108870.6,334.75999999999993
1748420952,108870.5,108870.6,108870.5,108870.5,49.08
1748420962,108870.5,108870.6,108870.5,108870.5,68.67
1748420972,108870.5,108870.6,108870.5,108870.5,298.04999999999995
1748420982,108870.5,108870.6,108870.5,108870.5,282.92
1748420992,108870.4,108870.5,108862.1,108862.1,305.73
1748421002,108862.1,108862.1,108858.0,108858.0,66.71
1748421012,108858.0,108858.4,108858.0,108858.4,871.7
1748421023,108858.3,108858.4,108858.3,108858.3,48.440000000000005
1748421033,108858.3,108858.3,108835.5,108835.5,362.77
1748421043,108835.5,108835.6,108835.5,108835.5,97.15
1748421053,108835.5,108835.6,108835.5,108835.5,137.5
1748421063,108835.5,108835.5,108814.0,108814.0,401.04
1748421073,108814.0,108814.1,108814.0,108814.0,46.48
1748421083,108814.0,108814.1,108814.0,108814.0,20.78
1748421093,108814.0,108814.1,108814.0,108814.1,18.32
1748421103,108814.0,108814.1,108784.9,108784.9,1052.7399999999998
1748421113,108784.9,108784.9,108755.9,108755.9,352.4599999999999
1748421123,108755.9,108756.0,108708.7,108708.8,1480.8200000000002
1748421133,108708.7,108708.8,108708.7,108708.8,318.44
1748421143,108708.8,108708.8,108688.0,108688.0,2800.6099999999997
1748421153,108688.0,108688.1,108686.0,108686.0,597.49
1748421163,108686.0,108686.1,108666.7,108666.8,604.55
1748421173,108666.7,108666.7,108555.6,108570.0,8262.41
1748421183,108570.0,108581.7,108556.6,108563.9,6801.2
1748421193,108563.9,108580.0,108563.9,108580.0,1368.28
1748421203,108580.0,108590.9,108579.9,108590.9,924.34
1748421213,108590.8,108604.7,108590.8,108604.7,1480.0099999999998
1748421223,108604.6,108604.7,108604.6,108604.6,704.94
1748421233,108604.7,108726.1,108604.6,108726.0,7200.789999999999
1748421243,108726.0,108772.8,108717.4,108772.7,2186.88
1748421253,108772.8,108858.2,108772.7,108790.0,6579.34
1748421263,108788.0,108834.3,108785.6,108810.4,2508.9
1748421273,108810.4,108810.5,108793.0,108793.0,163.05
1748421283,108793.0,108808.0,108793.0,108808.0,719.2400000000001
1748421293,108808.0,108818.1,108807.0,108807.0,391.23
1748421303,108807.0,108807.0,108788.5,108788.5,207.13
1748421313,108788.5,108798.4,108788.5,108798.3,305.53999999999996
1748421323,108797.3,108816.0,108797.2,108815.9,342.97
1748421333,108815.9,108816.0,108815.9,108815.9,126.41
1748421343,108815.9,108816.0,108794.7,108794.7,326.08000000000004
1748421353,108794.7,108794.8,108774.1,108774.1,196.97
1748421363,108774.2,108796.0,108774.2,108795.9,307.28
1748421373,108795.9,108831.9,108795.9,108820.0,1626.61
1748421383,108819.9,108846.7,108819.9,108846.6,420.68000000000006
1748421393,108846.6,108846.7,108817.0,108822.2,2508.3199999999997
1748421403,108822.2,108822.3,108818.0,108818.0,119.81
1748421413,108818.0,108833.1,108818.0,108833.0,154.9
1748421423,108833.0,108847.8,108822.1,108847.8,1087.1899999999998
1748421433,108847.8,108880.0,108847.8,108878.0,1732.09
1748421443,108878.0,108878.0,108877.9,108878.0,946.36
1748421453,108877.9,108980.0,108877.9,108980.0,6684.450000000001
1748421463,108979.9,108980.0,108961.9,108961.9,1520.56
1748421473,108961.9,108962.0,108953.8,108953.8,1291.73
1748421483,108953.8,108953.8,108943.9,108943.9,979.99
1748421493,108943.9,108988.8,108943.9,108988.8,2643.3900000000003
1748421503,108988.8,108988.8,108988.7,108988.8,573.63
1748421513,108988.7,108998.0,108984.0,108998.0,2345.48
1748421523,108998.0,109058.0,108997.9,109057.9,7037.830000000001
1748421533,109058.0,109065.2,109044.0,109045.2,1503.92
1748421543,109045.2,109045.3,109008.0,109008.1,874.6400000000001
1748421553,109008.1,109035.1,109008.0,109014.7,933.41
1748421563,109014.8,109014.8,109008.0,109008.0,645.1400000000001
1748421573,109008.0,109008.1,109006.2,109006.2,902.75
1748421583,109006.2,109006.2,108986.1,108986.1,581.26
1748421593,108986.1,108986.1,108970.6,108970.7,1171.27
1748421603,108970.6,108979.4,108970.6,108979.4,561.5900000000001
1748421613,108979.3,108979.4,108979.3,108979.4,807.7299999999999
1748421623,108979.4,108979.4,108961.3,108972.0,1027.64
1748421633,108971.9,108972.0,108952.8,108952.8,359.27
1748421643,108952.8,108952.9,108952.8,108952.9,532.84
1748421653,108952.8,108952.9,108952.8,108952.8,96.81
1748421663,108952.8,108971.9,108943.8,108970.0,3013.7800000000007
1748421673,108970.0,108970.0,108966.3,108966.4,152.03
1748421683,108966.3,108966.4,108956.6,108966.3,720.9599999999999
1748421693,108966.3,108966.4,108955.0,108955.0,345.65999999999997
1748421703,108955.0,108966.0,108955.0,108966.0,404.1099999999999
1748421713,108966.0,109006.2,108966.0,109006.2,680.7700000000001
1748421723,109006.1,109006.2,108988.1,108988.1,1627.3200000000002
1748421733,108988.2,109005.8,108988.1,109000.0,1150.61
1748421743,108999.9,109000.0,108991.7,108991.7,290.78999999999996
1748421753,108991.7,108991.8,108991.7,108991.8,116.51
1748421763,108991.8,108991.8,108983.6,108983.6,73.98
1748421773,108983.6,108991.8,108978.8,108991.8,127.87
1748421783,108991.7,109006.4,108991.7,109006.3,276.61
1748421793,109006.4,109052.0,109006.3,109049.9,1983.87
1748421803,109050.0,109052.0,109037.4,109037.5,720.1600000000001
1748421813,109037.4,109037.5,109029.3,109029.3,616.8300000000002
1748421823,109029.3,109029.4,109029.0,109029.0,325.29
1748421833,109029.1,109037.5,109029.0,109037.5,1126.0000000000002
1748421843,109037.4,109037.5,108996.0,108996.0,611.6500000000001
1748421853,108996.1,109002.0,108996.0,109001.9,826.79
1748421863,109002.0,109002.0,108996.1,108996.1,843.4399999999999
1748421873,108996.1,108996.2,108990.5,108990.8,1395.0699999999997
1748421883,108990.8,109032.6,108990.0,109032.5,2863.58
1748421893,109032.5,109032.6,109023.4,109032.5,523.4200000000001
1748421903,109032.6,109032.6,109024.0,109029.8,1516.5100000000002
1748421913,109029.7,109029.8,109021.5,109021.6,418.63999999999993
1748421923,109021.6,109049.1,109001.4,109048.5,1354.11
1748421933,109048.4,109050.0,109048.4,109050.0,1225.4399999999998
1748421943,109049.9,109050.0,109049.3,109049.4,1193.9900000000002
1748421953,109049.3,109065.3,109049.3,109065.3,621.0600000000001
1748421963,109065.3,109065.3,109049.3,109049.3,1345.21
1748421973,109049.4,109086.2,109049.3,109086.2,2056.57
1748421983,109086.2,109086.2,109079.6,109079.7,545.47
1748421993,109079.6,109079.7,109034.8,109034.8,2274.2799999999997
1748422003,109034.5,109034.5,109004.8,109014.1,713.6500000000001
1748422013,109014.1,109014.2,109014.1,109014.2,99.92
1748422023,109014.1,109014.1,108992.7,108992.7,1318.52
1748422033,108992.8,109014.1,108992.8,109014.0,1384.69
1748422043,109014.0,109014.1,109014.0,109014.1,450.67
1748422053,109014.1,109023.7,109014.1,109014.7,1074.9
1748422064,109014.7,109014.7,109006.1,109006.1,197.68
1748422074,109006.1,109006.2,108994.7,108994.7,583.2
1748422084,108994.7,108994.8,108989.5,108989.6,131.45
1748422094,108989.6,109015.5,108989.6,109015.4,923.36
1748422104,109015.5,109015.5,109004.4,109004.4,278.09999999999997
1748422114,109004.4,109004.5,108990.3,108990.3,189.29
1748422124,108990.3,108990.4,108980.9,108980.9,593.0499999999998
1748422134,108981.0,108981.0,108936.3,108950.1,4568.55
1748422144,108950.1,108960.6,108950.0,108960.5,1861.21
1748422154,108960.6,108960.6,108914.0,108928.0,2396.37
1748422164,108928.0,108928.0,108927.9,108927.9,144.51
1748422174,108927.9,108958.0,108927.9,108957.9,1952.3599999999997
1748422184,108958.0,108958.1,108957.9,108958.1,375.85
1748422194,108958.0,109011.6,108958.0,109011.5,2970.01
1748422204,109011.5,109020.0,108990.8,109018.8,5274.57
1748422214,109018.8,109018.9,109006.5,109006.5,516.2399999999999
1748422224,109006.5,109006.5,108974.7,108974.7,2687.6
1748422234,108974.7,108974.8,108966.6,108966.7,130.14
1748422244,108966.7,108975.0,108966.6,108975.0,1199.99
1748422254,108975.0,108975.0,108960.5,108960.5,119.5
1748422264,108960.6,108960.6,108960.5,108960.6,461.5400000000001
1748422274,108960.5,109008.4,108960.5,109008.4,988.77
1748422284,109008.4,109008.4,109008.3,109008.3,107.78
1748422294,109008.3,109008.4,109008.3,109008.4,389.71
1748422304,109008.4,109008.4,109008.3,109008.3,160.19
1748422314,109008.4,109008.4,109008.3,109008.4,122.15
1748422324,109008.3,109008.4,109008.3,109008.4,87.14
1748422334,109008.4,109008.4,109008.3,109008.4,199.02
1748422344,109008.4,109008.4,109008.3,109008.3,204.94
1748422354,109008.3,109008.3,108974.8,108974.8,415.12
1748422364,108974.8,108980.9,108974.8,108980.9,277.62999999999994
1748422374,108981.0,108981.0,108980.9,108981.0,340.17000000000013
1748422384,108981.0,108981.0,108980.9,108981.0,87.19999999999999
1748422394,108981.0,108981.0,108969.3,108970.1,614.1900000000002
1748422404,108970.1,108970.1,108963.9,108963.9,376.3200000000001
1748422414,108964.0,108964.0,108963.9,108964.0,265.08000000000004
1748422424,108964.0,108964.0,108963.9,108964.0,68.93999999999998
1748422434,108964.0,108964.0,108954.3,108954.4,249.00000000000009
1748422444,108954.4,108974.0,108954.3,108973.9,419.0700000000001
1748422454,108973.9,108974.0,108973.9,108973.9,363.9500000000001
1748422464,108973.9,108974.0,108973.9,108973.9,610.54
1748422474,108973.9,108982.8,108973.9,108982.7,210.93
1748422484,108982.7,108982.7,108976.4,108976.4,164.32000000000002
1748422494,108976.4,108983.0,108976.4,108983.0,173.79
1748422504,108983.0,108983.0,108974.7,108974.8,62.370000000000005
1748422514,108974.7,108974.8,108974.7,108974.7,184.81
1748422525,108974.7,108974.8,108965.6,108965.6,147.3
1748422535,108965.7,108965.7,108965.6,108965.7,106.56000000000002
1748422545,108965.6,108998.4,108965.6,108998.4,5396.46
1748422555,108998.4,108998.4,108998.3,108998.3,57.32
1748422566,108998.4,108998.4,108979.7,108979.7,179.32000000000002
1748422576,108979.8,108979.8,108979.7,108979.7,80.17
1748422586,108979.7,108979.8,108979.7,108979.8,152.91
1748422596,108979.7,108979.8,108965.6,108965.6,143.49000000000004
1748422606,108965.6,108965.7,108965.6,108965.6,69.38
1748422616,108965.7,108965.7,108961.8,108961.8,42.53
1748422626,108961.8,108961.9,108956.0,108956.1,72.99999999999999
1748422636,108956.1,108956.1,108956.0,108956.0,83.12000000000002
1748422646,108956.1,108956.1,108952.8,108952.8,261.86999999999995
1748422656,108952.9,108952.9,108946.8,108946.8,386.99
1748422666,108946.8,108946.9,108946.8,108946.9,295.32
1748422676,108946.8,108965.7,108946.8,108965.6,1069.3500000000004
1748422686,108965.7,108965.7,108960.4,108960.4,83.48999999999998
1748422696,108960.4,108960.5,108948.8,108948.8,189.07999999999996
1748422706,108948.8,108948.9,108940.9,108940.9,115.26999999999998
1748422716,108940.9,108941.0,108940.9,108940.9,607.0200000000001
1748422726,108940.9,108941.0,108940.9,108940.9,96.59
1748422736,108940.9,108956.0,108940.9,108956.0,370.05
1748422746,108956.0,108979.8,108949.0,108979.8,1508.96
1748422756,108979.7,108979.8,108979.7,108979.7,202.12
1748422766,108979.8,108979.8,108979.7,108979.7,126.4
1748422776,108979.8,108979.8,108979.7,108979.7,213.21
1748422786,108979.8,108979.8,108979.7,108979.7,236.37
1748422796,108979.7,109027.9,108979.7,109027.9,1392.79
1748422806,109027.9,109027.9,108967.6,108967.6,1127.7
1748422816,108967.6,108967.6,108952.0,108952.0,78.55
1748422826,108952.0,108952.0,108937.3,108937.4,161.42
1748422836,108937.3,108937.4,108937.3,108937.3,50.85000000000001
1748422846,108937.3,108944.6,108937.3,108943.4,291.26
1748422856,108943.4,108943.4,108934.5,108934.5,173.62
1748422866,108934.5,108934.5,108919.2,108919.3,301.27
1748422876,108920.0,108922.1,108920.0,108922.1,86.09
1748422886,108922.1,108922.1,108922.0,108922.0,112.72
1748422896,108922.1,108922.1,108922.0,108922.0,175.86
1748422906,108922.0,108922.1,108920.2,108920.2,437.23
1748422916,108920.2,108922.1,108920.0,108920.1,1131.56
1748422926,108920.1,108922.3,108920.1,108922.2,407.41
1748422936,108922.3,108922.3,108922.2,108922.3,171.49999999999997
1748422946,108922.2,108922.3,108914.0,108914.0,491.91
1748422956,108914.1,108914.1,108910.7,108910.7,126.88
1748422966,108910.8,108917.3,108910.8,108917.2,207.7
1748422976,108917.2,108917.3,108917.2,108917.2,25.549999999999997
1748422986,108917.2,108922.3,108917.2,108922.3,369.85
1748422997,108922.3,108922.3,108922.2,108922.2,27.79
1748423007,108922.2,108922.3,108910.7,108910.7,165.95000000000002
1748423017,108910.7,108910.8,108900.0,108900.0,368.83
1748423027,108900.0,108900.1,108898.0,108898.0,242.76
1748423037,108898.0,108908.8,108898.0,108908.8,566.4
1748423047,108908.7,108908.8,108908.7,108908.7,34.13999999999999
1748423057,108908.7,108908.8,108908.7,108908.7,34.16
1748423067,108908.7,108908.7,108903.5,108903.5,67.08
1748423077,108903.5,108926.9,108903.5,108926.0,4012.83
1748423087,108926.0,108926.0,108918.0,108918.0,121.67
1748423097,108918.1,108918.1,108918.0,108918.0,54.44
1748423107,108918.0,108918.1,108900.0,108900.0,196.71999999999997
1748423117,108900.1,108900.1,108835.9,108854.7,4445.23
1748423127,108854.6,108880.5,108854.6,108880.2,522.86
1748423137,108880.2,108904.6,108880.1,108904.5,736.1500000000001
1748423147,108904.6,108904.6,108904.5,108904.5,114.55
1748423157,108904.5,108904.6,108904.5,108904.6,120.51
1748423167,108904.5,108922.5,108904.5,108916.3,441.2300000000001
1748423178,108916.3,108921.8,108916.3,108921.7,121.55
1748423188,108921.8,108921.8,108907.3,108907.4,308.14
1748423198,108907.3,108907.4,108907.3,108907.4,77.09000000000002
1748423208,108907.3,108915.9,108907.3,108915.9,165.7
1748423218,108915.9,108915.9,108888.0,108888.0,203.45
1748423228,108887.9,108887.9,108847.9,108848.0,1173.47
1748423238,108847.9,108848.0,108847.9,108847.9,215.56000000000003
1748423248,108847.9,108848.0,108847.9,108847.9,30.93
1748423258,108847.9,108858.9,108847.9,108858.8,264.59
1748423268,108858.9,108858.9,108851.7,108851.7,214.48
1748423278,108851.7,108855.9,108847.9,108855.9,185.33
1748423288,108855.9,108864.0,108855.9,108864.0,191.91000000000005
1748423298,108864.0,108864.0,108853.8,108853.9,179.24999999999997
1748423308,108853.8,108856.1,108853.8,108856.0,88.26
1748423319,108856.0,108856.1,108853.8,108853.8,232.24999999999997
1748423329,108853.8,108853.9,108853.8,108853.9,18.690000000000005
1748423339,108853.8,108869.9,108853.8,108869.8,1613.6099999999997
1748423349,108869.8,108869.9,108869.8,108869.8,165.86
1748423359,108869.9,108869.9,108869.8,108869.9,71.20999999999998
1748423369,108869.8,108869.9,108869.8,108869.9,41.29999999999999
1748423379,108869.8,108869.9,108869.8,108869.8,31.61
1748423389,108869.8,108869.9,108869.8,108869.9,77.75999999999999
1748423399,108869.8,108869.9,108869.8,108869.9,3.1699999999999995
1748423409,108869.8,108869.9,108869.8,108869.8,39.080000000000005
1748423419,108869.9,108869.9,108869.8,108869.8,25.41
1748423429,108869.8,108869.9,108869.8,108869.8,123.38000000000002
1748423439,108869.8,108869.9,108869.8,108869.8,82.53999999999999
1748423449,108869.8,108869.8,108850.0,108850.0,1256.24
1748423459,108850.0,108850.1,108844.0,108844.5,1082.8099999999995
1748423469,108844.5,108844.5,108836.7,108836.8,101.47
1748423479,108836.8,108836.8,108836.7,108836.7,312.78999999999996
1748423489,108836.7,108836.8,108836.7,108836.7,530.06
1748423499,108836.7,108836.8,108836.7,108836.7,286.21999999999997
1748423509,108836.7,108836.7,108824.0,108824.0,951.67
1748423519,108824.1,108836.8,108824.0,108836.2,1289.86
1748423529,108836.2,108836.2,108828.3,108828.3,181.29
1748423539,108828.4,108828.4,108828.3,108828.3,53.55
1748427247,108525.5,108568.0,108525.5,108567.9,0.8438823500000001
1748427258,108566.0,108566.0,108548.2,108548.3,0.09643655
1748427268,108548.3,108559.1,108548.3,108556.3,0.01651199
1748427279,108556.3,108560.0,108556.3,108560.0,0.04517142
1748427289,108561.8,108568.0,108561.8,108567.9,0.07785293
1748427301,108567.9,108567.9,108528.2,108528.2,0.6093524499999999
1748427312,108528.2,108528.3,108528.2,108528.2,1.11904602
1748427324,108528.2,108548.1,108526.0,108548.1,0.70529994
1748427336,108548.0,108548.1,108540.1,108540.5,0.03790962
1748427346,108540.5,108565.0,108540.5,108564.9,0.21569309
1748427356,108564.9,108596.0,108560.1,108582.1,1.81083418
1748427367,108583.4,108601.6,108583.4,108584.1,1.92434051
1748427377,108588.6,108636.0,108588.6,108635.9,11.47137503
1748427387,108635.9,108639.8,108624.9,108639.8,1.2704912600000002
1748427397,108639.8,108651.9,108639.8,108651.8,0.55499621
1748427407,108651.9,108651.9,108638.1,108651.7,0.75131521
1748427417,108651.8,108651.8,108651.7,108651.8,0.07469862
1748427428,108651.7,108651.7,108645.2,108645.2,0.23761131
1748427438,108645.3,108645.3,108616.1,108616.1,0.30332766
1748427449,108619.1,108628.5,108619.1,108628.5,0.0654346799999999
1748427459,108628.5,108628.6,108623.3,108623.3,0.57620509
1748427472,108623.3,108623.4,108623.3,108623.3,0.05278762
1748427482,108623.0,108623.0,108590.1,108590.1,0.7809074599999999
1748427492,108590.1,108590.1,108590.0,108590.0,0.02913979
1748427502,108590.0,108590.0,108560.0,108560.0,0.49930579
1748427512,108560.0,108560.1,108560.0,108560.1,0.01898515
1748427522,108560.1,108560.1,108560.1,108560.1,0.00087826
1748427532,108560.1,108560.1,108514.5,108514.5,2.25959546
1748427542,108514.4,108514.4,108496.6,108496.6,0.63772507
1748427553,108496.5,108496.6,108480.6,108480.6,0.1721960099999999
1748427563,108480.5,108480.6,108430.7,108430.7,2.188963029999999
1748427575,108430.8,108432.5,108430.8,108432.4,0.11126003
1748427585,108432.4,108432.4,108250.0,108329.9,40.75007997
1748427595,108330.0,108373.6,108330.0,108352.6,0.99599175
1748427605,108350.0,108383.3,108343.6,108372.5,0.42923036
1748427615,108372.4,108382.0,108358.1,108382.0,0.7017690000000001
1748427625,108381.9,108412.0,108381.9,108411.9,0.5657000400000001
1748427635,108412.0,108412.0,108394.9,108395.0,0.27123729
1748427645,108395.0,108401.3,108394.9,108401.3,0.6529074500000001
1748427655,108401.3,108402.0,108401.3,108402.0,0.04674972
1748427666,108401.9,108401.9,108381.9,108381.9,0.6275271099999999
1748427676,108380.0,108380.0,108318.3,108349.7,2.0185516
1748427686,108349.8,108388.0,108349.8,108388.0,0.4097386799999999
1748427696,108388.0,108388.0,108377.9,108377.9,0.10233005
1748427706,108377.9,108390.0,108377.9,108390.0,0.13169965
1748427717,108390.0,108398.0,108390.0,108392.6,0.23696155
1748427728,108392.6,108394.0,108392.6,108394.0,0.11459823
1748427738,108393.9,108393.9,108390.0,108390.1,0.30496584
1748427751,108390.1,108425.4,108390.1,108425.4,1.38908195
1748427761,108426.0,108435.2,108426.0,108434.0,0.29357136
1748427771,108434.1,108435.7,108434.1,108435.7,0.07075413
1748427781,108435.6,108461.5,108434.2,108461.5,0.8523700800000003
1748427793,108461.4,108472.3,108461.4,108472.3,0.79272202
1748427803,108472.3,108502.7,108472.3,108502.7,0.6850221799999999
1748427813,108502.8,108511.9,108445.7,108450.6,1.6232953000000003
1748427824,108450.6,108505.8,108442.1,108486.8,3.66187859
1748427836,108486.8,108486.8,108468.0,108468.0,0.41335737
1748427846,108468.1,108476.8,108468.1,108476.8,0.16132337
1748427856,108476.7,108476.8,108474.0,108474.0,0.06068868
1748427866,108474.0,108476.8,108474.0,108476.7,0.07854242
1748427881,108476.8,108476.8,108476.7,108476.8,0.1177059999999999
1748427892,108476.8,108499.7,108476.8,108499.6,0.2157535099999999
1748427903,108499.7,108499.7,108497.4,108497.4,0.05284948
1748427913,108497.4,108507.6,108482.1,108507.6,0.6006843400000001
1748427927,108509.7,108536.0,108509.7,108536.0,0.16382863
1748427939,108535.9,108536.0,108535.9,108536.0,0.02296745
1748427949,108535.9,108535.9,108522.0,108530.8,0.33865904
1748427960,108530.8,108543.3,108530.8,108543.3,0.20509961
1748427970,108543.3,108543.3,108543.2,108543.2,0.18384046
1748427982,108543.2,108543.2,108543.0,108543.1,0.52770708
1748428004,108558.4,108559.9,108558.4,108559.9,0.02483299
1748428015,108559.9,108559.9,108546.0,108546.1,0.3579431199999999
1748428025,108546.1,108546.2,108538.8,108538.8,0.4209464499999999
1748428036,108538.7,108538.8,108538.7,108538.8,0.19714944
1748428048,108538.7,108538.8,108538.7,108538.7,0.01391718
1748428059,108538.7,108550.6,108532.1,108550.6,0.21442996
1748428076,108510.4,108510.5,108510.4,108510.5,51.31000000000001
1748428086,108510.4,108526.6,108510.4,108526.6,414.90999999999997
1748428096,108526.5,108526.6,108526.5,108526.5,152.42
1748428106,108526.5,108555.6,108526.5,108555.6,2413.23
1748428116,108555.6,108582.9,108555.6,108572.7,1700.3
1748428126,108572.7,108580.0,108572.6,108579.9,666.7899999999998
1748428136,108579.9,108580.0,108578.1,108578.1,139.42999999999998
1748428146,108578.1,108578.2,108578.1,108578.2,263.99
1748428156,108578.2,108582.9,108578.1,108582.9,889.41
1748428166,108582.8,108588.0,108582.8,108588.0,142.6
1748428176,108588.0,108599.8,108588.0,108594.1,862.3499999999999
1748428186,108594.1,108599.6,108594.0,108598.0,620.8900000000001
1748428196,108598.0,108610.0,108598.0,108610.0,3934.41
1748428206,108610.0,108610.0,108561.8,108564.1,1915.25
1748428216,108564.0,108578.1,108561.3,108561.3,1387.92
1748428226,108561.1,108561.1,108556.4,108556.5,138.62
1748428236,108556.4,108577.4,108556.4,108577.4,698.9999999999999
1748428246,108577.4,108585.2,108577.3,108585.2,310.34000000000003
1748428256,108585.1,108598.7,108579.4,108598.7,860.26
1748428266,108598.7,108607.8,108598.7,108607.8,516.6400000000001
1748428276,108607.8,108626.4,108607.8,108608.0,1173.85
1748428286,108607.9,108608.0,108600.0,108600.1,995.2800000000001
1748428296,108600.1,108600.1,108600.0,108600.1,216.29
1748428306,108600.1,108613.6,108600.0,108613.6,365.28
1748428316,108613.5,108613.6,108613.5,108613.5,403.93000000000006
1748428326,108613.6,108626.0,108613.5,108626.0,609.2199999999999
1748428336,108626.0,108639.9,108625.9,108639.9,652.9200000000001
1748428346,108639.9,108639.9,108614.0,108614.1,673.49
1748428356,108614.0,108614.1,108607.6,108607.7,236.98
1748428366,108607.6,108611.9,108607.6,108611.8,197.16000000000005
1748428376,108611.8,108625.0,108611.8,108625.0,173.27000000000004
1748428386,108624.9,108657.3,108624.9,108656.9,1965.73
1748428396,108657.0,108660.0,108622.0,108622.7,2764.5
1748428406,108622.7,108628.4,108617.4,108628.3,1643.7
1748428416,108628.4,108628.4,108628.3,108628.4,452.81
1748428426,108628.4,108635.9,108628.3,108635.9,397.5
1748428436,108635.8,108636.0,108635.8,108635.9,770.2700000000001
1748428446,108636.0,108636.0,108635.9,108635.9,296.9599999999999
1748428457,108636.0,108652.0,108635.9,108652.0,196.79999999999998
1748428467,108651.9,108654.6,108651.9,108654.6,763.28
1748428477,108654.6,108666.0,108654.5,108666.0,1048.1199999999997
1748428487,108666.0,108673.4,108666.0,108673.4,801.6199999999999
1748428497,108673.4,108678.7,108673.3,108678.7,348.74999999999994
1748428507,108678.7,108678.7,108630.0,108630.0,3480.12
1748428518,108630.1,108634.2,108622.9,108633.9,705.3699999999999
1748428528,108633.9,108634.0,108633.9,108633.9,123.71000000000001
1748428538,108634.0,108634.0,108633.9,108633.9,238.14000000000001
1748428548,108634.0,108634.0,108633.9,108634.0,58.77
1748428558,108634.0,108657.8,108633.9,108651.9,467.79
1748428568,108651.9,108652.0,108633.9,108633.9,557.6100000000001
1748428578,108633.9,108647.8,108633.9,108647.8,368.25
1748428588,108647.8,108647.9,108633.9,108634.0,390.87
1748428598,108633.9,108645.4,108633.9,108645.3,143.91
1748428608,108645.3,108645.4,108637.2,108644.0,124.99000000000001
1748428618,108644.0,108647.9,108643.9,108647.9,365.25
1748428628,108647.9,108673.5,108647.9,108673.4,258.64
1748428638,108673.4,108677.3,108673.4,108677.2,214.51000000000002
1748428648,108677.3,108677.3,108677.2,108677.3,216.70999999999995
1748428658,108677.3,108677.3,108673.5,108673.6,304.5600000000001
1748428668,108673.5,108673.6,108673.5,108673.6,200.63000000000002
1748428678,108673.6,108713.4,108673.5,108713.4,2741.43
1748428688,108713.4,108713.4,108698.0,108698.0,1216.2900000000002
1748428698,108698.0,108704.0,108697.9,108704.0,779.8299999999999
1748428708,108703.9,108704.0,108703.9,108704.0,686.53
1748428718,108704.0,108713.0,108703.9,108712.9,589.5400000000001
