{
    "BTCUSDT":{
        "symbol":"BTCUSDT",
        "exchange":"BIAN",
        "pricescale":0.1,
        "pricedigit":2,
        "minvol":0.001,
        "volscale":0.001,
        "voldigit":6,
        "subscribe":true,
        "coin":"USDT",
        "token":"BTC"
    },
    "ETHUSDT":{
        "symbol":"ETHUSDT",
        "exchange":"BIAN",
        "pricescale":0.1,
        "pricedigit":2,
        "minvol":0.001,
        "volscale":0.001,
        "voldigit":5,
        "subscribe":true,
        "coin":"USDT",
        "token":"ETH"
    },
    "DOGEUSDT":{
        "symbol":"DOGEUSDT",
        "exchange":"BIAN",
        "pricescale":0.01,
        "pricedigit":5,
        "minvol":0.0001,
        "volscale":0.0001,
        "voldigit":1,
        "subscribe":true,
        "coin":"USDT",
        "token":"DOGE"
    },
    "EOSUSDT":{
        "symbol":"EOSUSDT",
        "exchange":"BIAN",
        "pricescale":0.1,
        "pricedigit":4,
        "minvol":0.001,
        "volscale":0.001,
        "voldigit":2,
        "subscribe":true,
        "coin":"USDT",
        "token":"EOS"
    },
    "LTCUSDT":{
        "symbol":"LTCUSDT",
        "exchange":"BIAN",
        "pricescale":0.1,
        "pricedigit":2,
        "minvol":0.00001,
        "volscale":0.00001,
        "voldigit":5,
        "subscribe":true,
        "coin":"USDT",
        "token":"LTC"
    },
    "XRPUSDT":{
        "symbol":"XRPUSDT",
        "exchange":"BIAN",
        "pricescale":0.1,
        "pricedigit":4,
        "minvol":0.0001,
        "volscale":0.0001,
        "voldigit":2,
        "subscribe":true,
        "coin":"USDT",
        "token":"XRP"
    },
    "BCHUSDT":{
        "symbol":"BCHUSDT",
        "exchange":"BIAN",
        "pricescale":0.1,
        "pricedigit":2,
        "minvol":0.01,
        "volscale":0.01,
        "voldigit":5,
        "subscribe":true,
        "coin":"USDT",
        "token":"BCH"
    },
    "DOTUSDT":{
        "symbol":"DOTUSDT",
        "exchange":"BIAN",
        "pricescale":0.1,
        "pricedigit":3,
        "minvol":0.001,
        "volscale":0.001,
        "voldigit":3,
        "subscribe":true,
        "coin":"USDT",
        "token":"DOT"
    },
    "XMRUSDT":{
        "symbol":"XMRUSDT",
        "exchange":"BIAN",
        "pricescale":0.1,
        "pricedigit":2,
        "minvol":0.00001,
        "volscale":0.00001,
        "voldigit":5,
        "subscribe":true,
        "coin":"USDT",
        "token":"XMR"
    },
    "DCRUSDT":{
        "symbol":"DCRUSDT",
        "exchange":"BIAN",
        "pricescale":0.1,
        "pricedigit":2,
        "minvol":0.00001,
        "volscale":0.00001,
        "voldigit":4,
        "subscribe":true,
        "coin":"USDT",
        "token":"DCR"
    },
    "QTUMUSDT":{
        "symbol":"QTUMUSDT",
        "exchange":"BIAN",
        "pricescale":0.1,
        "pricedigit":3,
        "minvol":0.001,
        "volscale":0.001,
        "voldigit":3,
        "subscribe":true,
        "coin":"USDT",
        "token":"QTUM"
    }
}


